Country,,2010,2011,2012,2013,2014,2015,2016,2017,2018,2019,2020,2021,2022
"Algeria1,2,3",Suspected cases,,"11,974","15,790","12,762","8,690","8,000","6,628","6,469","10,081","8,620","11,197","7,220","1,292"
,Presumed and confirmed,,191,887,603,266,747,432,453,"1,242","1,014","2,726","1,164","1,292"
,Confirmed,,191,887,603,266,747,432,453,"1,242","1,014","2,726","1,164","1,292"
,Microscopy examined,,"11,974","15,790","12,762","8,690","8,000","6,628","6,469","10,081","8,620","11,197","7,220","1,292"
,Microscopy positive,,191,887,603,266,747,432,453,"1,242","1,014","2,726","1,164","1,292"
,Imported cases,,187,828,587,260,727,420,446,"1,241","1,014","2,725","1,164","1,292"
Angola,Suspected cases,"4,591,529","4,469,357","4,849,418","5,273,305","6,134,471","6,839,963","7,649,902","11,050,353","10,870,446","14,341,390","13,989,836","15,624,710","16,172,933"
,Presumed and confirmed,"3,687,574","3,501,953","3,031,546","3,144,100","3,180,021","3,254,270","4,301,146","4,500,221","5,928,260","7,530,788","7,682,739","9,169,267","9,221,410"
,Confirmed,"1,682,870","1,632,282","1,496,834","1,999,868","2,298,979","2,769,305","3,794,253","3,874,892","5,150,575","7,054,978","7,343,696","8,325,921","7,858,860"
,Microscopy examined,"1,947,349","1,765,933","2,245,223","3,025,258","3,398,029","3,345,693","4,183,727","7,493,969","5,066,780","5,643,654","5,216,938","6,663,417","7,857,537"
,Microscopy positive,"1,324,264","1,147,473","1,056,563","1,462,941","1,431,313","1,396,773","2,058,128","2,199,810","2,442,500","2,557,385","2,359,788","3,424,950","3,934,900"
,RDT examined,"639,476","833,753","1,069,483","1,103,815","1,855,400","3,009,305","2,959,282","2,931,055","5,025,981","8,221,926","8,433,855","8,117,947","6,926,016"
,RDT positive,"358,606","484,809","440,271","536,927","867,666","1,372,532","1,736,125","1,675,082","2,708,075","4,497,593","4,983,908","4,900,971","3,923,960"
Benin,Suspected cases,,"1,928,016","2,431,902","2,091,263","2,930,569","2,733,611","2,184,524","2,705,456","2,880,743","3,958,782","3,572,587","3,965,763","4,059,542"
,Presumed and confirmed,"1,873,015","1,786,864","2,069,728","1,717,115","2,122,011","2,042,684","1,667,005","1,968,532","2,255,946",3’084’525*,"2,632,959",2’928’382*,"2,571,043"
,Confirmed,,"422,968","705,839","1,090,602","1,309,238","1,721,626","1,610,790","1,933,912","1,975,812",2’895’878*,"2,516,646",2’634’063*,"2,474,689"
,Microscopy examined,,"88,134","243,008","291,479","155,205","296,264","267,405","267,492","349,191","432,001","367,925","515,103","439,332"
,Microscopy positive,,"68,745",,"99,368","108,714","108,061","104,601","208,823","258,519","294,518","242,775","340,810","279,233"
,RDT examined,,"475,986","825,005","1,173,271","1,962,591","2,116,289","1,860,904","2,403,344","2,251,418","3,338,134","3,083,337","3,113,068","3,220,557"
,RDT positive,,"354,223","705,839","991,234","1,200,524","1,613,565","1,506,189","1,725,089","1,717,293","2,601,360","2,273,871","2,293,253","2,195,456"
Botswana2,Suspected cases,,,,,,"1,298","12,986","12,605","13,979","16,564","9,148",9’825**,"17,295"
,Presumed and confirmed,"12,196",1’138^,308,506,"1,485",346,725,"1,911",585,272,953,729^,446
,Confirmed,"1,046",432^,193,456,"1,346",332,723,"1,909",585,272,953,729^,446
,Microscopy examined,,,,,,,"5,178","5,223",872,707,,729,"1,003"
,Microscopy positive,"1,046",432,,,,,,,,,,729,
,RDT examined,,167,,,,"1,284","7,806","7,380","13,107","15,857","9,148","9,825","16,090"
,RDT positive,,3,193,456,"1,346",332,723,"1,909",585,272,953,729,446
,Imported cases,,,,30,30,48,64,62,51,103,69,26,49
Burkina Faso,Suspected cases,"6,037,806","5,446,870","7,852,299","7,857,296","9,272,755","9,783,385","12,006,793","14,811,872","14,931,136","18,116,942","15,357,249","17,892,801","17,324,387"
,Presumed and confirmed,"5,723,481","5,024,697","6,970,700","7,146,026","8,278,408","8,286,453","9,799,818","12,255,671","11,991,146",6’474’757*,11’567’698*,"12,465,543","11,958,988"
,Confirmed,"804,539","428,113","3,858,046","3,769,051","5,428,655","7,015,446","9,779,411","10,557,260","10,278,970",5’877’426*,10’600’340*,"11,791,638","11,415,559"
,Microscopy examined,"177,879","400,005","223,372","183,971","198,947","222,190","191,208","133,101","157,824","270,289","203,529","339,369","370,093"
,Microscopy positive,"88,540","83,857","90,089","82,875","83,259","92,589","80,077","46,411","56,989","52,582","81,017","187,199","195,754"
,RDT examined,"940,985","450,281","4,516,273","4,296,350","6,224,055","8,290,188","11,795,178","12,980,360","13,061,136","15,997,219","13,680,757","16,879,527","16,410,865"
,RDT positive,"715,999","344,256","3,767,957","3,686,176","5,345,396","6,922,857","9,699,334","10,510,849","10,221,981","5,824,844","10,519,323","11,604,439","11,219,805"
Burundi,Suspected cases,"5,590,736","4,780,117","4,270,100","7,507,441","7,831,895","8,761,333","13,022,128","13,956,707","8,734,322","16,214,258","8,571,445","12,379,963","14,378,061"
,Presumed and confirmed,"4,255,301","3,307,158","2,600,286","4,567,428","4,987,388","5,512,414","8,902,503","9,259,694","5,149,436","9,983,843","4,732,339","6,618,492","8,124,159"
,Confirmed,"1,763,447","1,575,237","2,166,690","4,178,338","4,726,299","5,428,710","8,793,176","8,795,952","4,966,511","9,959,533","4,720,103","6,615,714","8,117,435"
,Microscopy examined,"2,825,558","2,859,720","2,659,372","4,123,012","4,471,998","3,254,670","3,941,251","3,814,355","1,542,232","3,858,517","1,786,568","2,667,318","2,013,113"
,Microscopy positive,"1,599,908","1,485,332","1,484,676","2,366,134","2,718,391","1,964,862","2,520,622","2,269,831","1,148,316","1,759,011","756,441","1,191,319","971,263"
,RDT examined,"273,324","188,476","1,177,132","2,995,339","3,098,808","5,422,959","8,971,550","9,678,610","7,009,165","12,331,431","6,772,641","9,593,269","12,051,825"
,RDT positive,"163,539","89,905","682,014","1,812,204","2,007,908","3,463,848","6,272,554","6,526,121","3,818,195","8,200,522","3,963,662","5,424,395","7,146,172"
"Cabo Verde2,3",Suspected cases,,"26,508","8,715","10,621","6,894",6’620**,8’906**,16’573**,"16,623",7’867**,4’399**,4’327**,10’246**
,Presumed and confirmed,47,36,36,46,46^,27^,77^,446^,21,40‡,10,21,27
,Confirmed,47,36,36,46,46^,27^,77^,446^,21,40‡,10,21,27
,Microscopy examined,,,"8,715","10,621","6,894","3,117","8,393","3,857","16,623","5,596","1,246","4,327","10,246"
,Microscopy positive,47,,36,46,46,27,77,446,21,40,10,21,27
,RDT examined,,"26,508",,,,"6,620","8,906","16,573",,"7,867","4,399","4,279","6,196"
,RDT positive,,36,,,46,27,77,446,,40,0,0,0
,Imported cases,,29,35,24,20,20,28,23,18,39,10,20,26
Cameroon,Suspected cases,,"3,134,048","3,031,461","4,132,326","3,709,906","3,378,923","4,665,318","5,098,975","5,036,256","4,743,338","4,567,624","5,192,692","5,162,188"
,Presumed and confirmed,"1,845,691","1,899,928","1,728,723","2,285,412","1,369,518","2,381,592","2,615,750","3,607,898","3,550,183","3,011,133","2,974,819",3’420’788*,3’382’676*
,Confirmed,,"17,874","66,656","42,581",,"1,193,281","2,476,153","2,244,788","2,257,633","2,819,803","2,890,193",3’335’174*,3’327’381*
,Microscopy examined,,"1,110,308","1,182,610","1,236,306","1,086,095","1,024,306","1,373,802","627,709","658,017","1,527,436","1,304,972","1,505,989","1,361,007"
,Microscopy positive,,,,,,"592,351","810,367","390,130","428,888","1,097,615","956,647","1,075,831","963,595"
,RDT examined,,"141,686","186,784","653,189","1,254,293","1,166,306","3,151,919","3,108,156","3,085,689","2,716,410","2,840,269","3,335,377","3,544,747"
,RDT positive,,"17,874","66,656","42,581",,"600,930","1,665,786","1,854,658","1,828,745","1,722,188","1,933,546","2,259,343","2,363,786"
Central African Republic,Suspected cases,,,"518,761","546,095","625,301","1,218,246","2,095,095","1,533,258","1,367,986","3,393,641","2,730,158","3,069,218","3,352,129"
,Presumed and confirmed,"66,484","221,980","500,806","454,532","495,238","953,535","1,607,079","1,296,277","995,157",2’708’497*,"1,980,804","2,223,562","2,460,689"
,Confirmed,,,"87,566","163,701","295,088","598,833","1,239,317","411,913","972,119",2’416’960*,"1,740,970","2,002,149","2,247,250"
,Microscopy examined,,,,"63,695","55,943","139,241","189,481","112,007","163,370","265,673","237,910","246,348","276,494"
,Microscopy positive,,,,"36,943","41,436","106,524","144,924","28,855","117,267","196,413","177,742","189,114","214,285"
,RDT examined,,,"105,521","191,569","369,208","724,303","1,537,852","536,887","1,181,578","2,781,622","2,181,204","2,504,262","2,771,175"
,RDT positive,,,"87,566","126,758","253,652","492,309","1,094,393","383,058","854,852","2,220,547","1,563,228","1,813,035","2,032,965"
Chad,Suspected cases,"743,471",,"722,654",,"1,737,195","1,641,285","2,032,301","2,943,595","1,941,489","2,779,742","2,955,271","2,584,679","2,755,046"
,Presumed and confirmed,"544,243","528,454","660,575","1,272,841","1,513,772","1,490,556","1,402,215","1,962,372","1,364,706",1’910’518*,1’890’264*,"1,811,859","1,882,503"
,Confirmed,"200,448","181,126","7,710","754,565","914,032","787,046","1,294,768","1,962,372","1,364,706",1’632’529*,1’544’194*,"1,418,539","1,671,060"
,Microscopy examined,"89,749",,"69,789",,,,"1,063,293","1,584,525","190,006","211,816","250,117","284,426","264,439"
,Microscopy positive,"75,342","86,348","7,710","206,082","160,260","149,574","720,765","1,064,354","137,501","152,127","193,816","191,628","194,912"
,RDT examined,"309,927","114,122",,"621,469","1,137,455","937,775","861,561","1,359,070","1,751,483","2,260,256","1,873,598","1,788,058","2,073,184"
,RDT positive,"125,106","94,778",,"548,483","753,772","637,472","574,003","898,018","1,227,205","1,480,402","1,350,378","1,226,911","1,476,148"
Comoros2,Suspected cases,"159,976","135,248","168,043","185,779","103,545","117,762","116,692","229,445","119,592",185’045**,"175,364","168,942","233,847"
,Presumed and confirmed,"103,670","76,661","65,139","62,565","2,465","2,101","1,734","3,896","19,682",17’697^,4’546*,10’547*,20’681*
,Confirmed,"36,538","24,856","49,840","53,156","2,203","1,884","1,467","3,896","15,613",17’697^,4’546*,10’547*,20’681*
,Microscopy examined,"87,595","63,217","125,030","154,824","93,444","89,634","71,902","130,134","90,956","158,670","133,024","120,785","162,648"
,Microscopy positive,"35,199","22,278","45,507","46,130","1,987",963,559,"1,325","9,197","19,029","3,339","7,631","7,672"
,RDT examined,"5,249","20,226","27,714","21,546","9,839","27,911","44,523","99,311","24,567","46,172","42,340","48,157","71,199"
,RDT positive,"1,339","2,578","4,333","7,026",216,921,908,"2,571","6,416","20,535","1,207","2,916","13,009"
,Imported cases,,,,,,,,,,98,0,10,6
Congo,Suspected cases,,,,"209,169","290,346","300,592","466,254","322,916","385,729","594,237","146,262","593,519","823,100"
,Presumed and confirmed,"446,656","277,263","120,319","183,026","248,159","264,574","374,252","297,652","324,615","545,796","103,692",321’404*,"581,329"
,Confirmed,,"37,744","120,319","43,232","66,323","51,529","171,847","127,939","116,903","117,837","91,538",189’616*,"364,466"
,Microscopy examined,,,,"69,375","88,764","87,547","202,922","153,203","178,017","166,278","80,110","234,919","270,105"
,Microscopy positive,,"37,744","120,319","43,232","54,523","51,529","134,612","127,939","116,903","117,837","55,348","41,491","135,898"
,RDT examined,,,,,"19,746",,"60,927",,,,"53,998","197,080","319,053"
,RDT positive,,,,,"11,800",,"37,235",,,,"36,190","148,125","228,568"
Côte d'Ivoire,Suspected cases,,"2,607,856","3,423,623","6,003,033","6,418,571","5,216,344","5,560,136","7,262,684","6,706,148","8,280,575","7,992,806","9,629,227","15,533,289"
,Presumed and confirmed,"1,721,461","2,588,004","2,795,919","4,725,798","4,658,774","3,606,725","3,754,504","4,152,065","5,189,974","5,950,336","5,083,548","7,633,965",8’408’469*
,Confirmed,"62,726","29,976","1,140,627","2,524,326","3,712,831","3,375,904","3,754,504","4,034,781","4,766,477","5,935,178","4,980,640","7,295,068",8’145’591*
,Microscopy examined,,"49,828","195,546","395,914","568,562","811,426","975,507","1,221,845","1,132,659","1,447,694","1,437,608","1,572,997","1,850,863"
,Microscopy positive,"62,726","29,976","107,563","215,104","306,926","478,870","579,566","588,969","696,124","918,371","932,627","1,089,041","1,227,464"
,RDT examined,,,"1,572,785","3,405,647","4,904,066","4,174,097","4,584,629","5,923,555","5,042,040","6,152,962","4,837,781","7,197,967","7,868,431"
,RDT positive,,,"1,033,064","2,309,222","3,405,905","2,897,034","3,174,938","3,445,812","4,070,353","5,016,807","4,048,013","6,206,027","6,918,127"
Democratic Republic of the Congo,Suspected cases,"10,568,756","12,018,784","11,993,189","14,877,406","15,064,146","17,617,219","23,443,227","23,195,284","23,833,694","32,067,354","32,954,190","32,438,379","39,367,459"
,Presumed and confirmed,"9,252,959","9,442,144","9,128,398","11,368,481","10,288,519","12,538,805","16,888,006","16,888,842","18,208,440",21’608’681*,"24,959,997",26’496’523*,29’390’652*
,Confirmed,"2,417,780","4,561,981","4,791,598","6,719,887","10,288,519","12,538,805","16,821,130","16,793,002","16,972,207",21’608’681*,"22,590,647",23’249’165*,27’349’509*
,Microscopy examined,"3,678,849","4,226,533","4,329,318","4,126,129","3,533,165","2,877,585","2,810,067","1,981,621","1,926,455","2,152,433","2,067,978","2,450,106","2,385,163"
,Microscopy positive,"2,374,930","2,700,818","2,656,864","2,611,478","2,126,554","1,902,640","1,847,143","1,291,717","995,577","1,128,371","1,214,424","1,646,553","1,358,923"
,RDT examined,"54,728","2,912,088","3,327,071","6,102,683","11,530,981","14,739,634","20,566,284","21,117,823","20,671,006","26,963,687","28,054,832","26,740,915","34,941,153"
,RDT positive,"42,850","1,861,163","2,134,734","4,108,409","8,161,965","10,636,165","14,973,987","15,501,285","15,976,630","20,480,310","21,376,223","21,602,612","25,990,586"
Equatorial Guinea,Suspected cases,"83,639","40,704","45,792","59,358","57,129","68,058","318,779","91,217","43,533","94,656",,,"158,244"
,Presumed and confirmed,"78,095","37,267","20,890","28,438","20,417","15,142","147,714","15,725","10,926","43,897",,,"98,346"
,Confirmed,"53,813","22,466","15,169","16,405","20,417","15,142","147,714","15,725","8,962","25,904",,,"71,204"
,Microscopy examined,"42,585","23,004","33,245","27,039","47,322","21,831","239,938","13,127","8,395","43,417",,,"97,694"
,Microscopy positive,"39,636","20,601","13,196","11,235","17,685","8,564","125,623","6,800","4,135","14,787",,,"56,886"
,RDT examined,"16,772","2,899","6,826","20,286","9,807","46,227","78,841","78,090","33,174","33,246",,,"33,408"
,RDT positive,"14,177","1,865","1,973","5,170","2,732","6,578","22,091","8,925","4,827","11,117",,,"14,318"
Eritrea,Suspected cases,"96,792","97,479","138,982","134,183","186,358","155,782","139,798","205,836","253,687","452,673","346,565","343,054","407,463"
,Presumed and confirmed,"53,750","39,567","42,178","34,678","55,491","32,974","80,450","55,588","48,326","93,878","75,756","44,036","65,853"
,Confirmed,"35,982","34,848","21,815","21,317","50,534","28,036","24,251","54,005","46,440","93,878","74,041","43,463","65,063"
,Microscopy examined,"79,024","67,190","84,861","81,541","63,766","59,268","83,599","74,962","70,465","116,666","101,966","98,068","131,509"
,Microscopy positive,"13,894","15,308","11,557","10,890","10,993","8,332","24,251","14,519","10,325","18,117","17,936","10,114","18,147"
,RDT examined,,"25,570","33,758","39,281","117,635","91,576",,"129,291","181,336","336,007","241,982","244,413","275,147"
,RDT positive,"22,088","19,540","10,258","10,427","39,541","19,704",,"39,486","36,115","75,761","56,105","33,349","46,916"
Eswatini2,Suspected cases,,,,,,,"1,249","3,212","10,285","34,866","27,979","12,894","77,682"
,Presumed and confirmed,"1,722",797,626,962,711,475^,317^,1’127^,957^,589*,325*,581,369
,Confirmed,268,549,562,962,711,475^,317^,1’127^,957^,589*,325*,581,369
,Microscopy examined,,,,,,,"1,249",371,"1,526","15,434","8,047","8,246",162
,Microscopy positive,87,130,345,488,711,43,141,68,957,207,121,207,95
,RDT examined,,,,,,,,"2,841","8,759","19,432","19,932","4,575","77,520"
,RDT positive,181,419,217,474,,452,458,"1,594",11,382,204,374,274
,Imported cases,,170,153,234,322,157,67,687,271,337,82,76,155
Ethiopia2,Suspected cases,"5,420,110","5,487,972","5,962,646","9,243,894","7,457,765","5,987,580","6,611,801","6,471,958","5,913,799","6,708,222","7,509,602","6,716,458","7,546,500"
,Presumed and confirmed,"4,107,396","3,549,613","3,876,745","3,316,013","2,513,863","2,174,707","1,962,996","1,755,748","1,206,891","1,015,792","1,848,231","1,487,758","1,837,213"
,Confirmed,"1,196,829","1,480,360","1,692,578","2,645,454","2,118,815","1,867,059","1,718,504","1,530,739","962,087","904,495","1,743,755","1,397,151","1,732,562"
,Microscopy examined,"2,509,543","3,418,719","3,778,479","8,573,335","7,062,717","5,679,932","6,367,309","6,246,949","5,668,995","6,596,925","7,400,644","6,625,851","7,441,849"
,Microscopy positive,"1,196,829","1,480,360","1,692,578","2,645,454","2,118,815","1,867,059","1,718,504","1,530,739","962,087","904,495","1,743,755","1,397,151","1,732,562"
,Imported cases,,,,,,,,,,,,836,"1,465"
Gabon,Suspected cases,"233,770",,"238,483","256,531","256,183","285,489","202,989","212,092","1,022,022","214,286","206,908","229,360","156,958"
,Presumed and confirmed,"185,105","178,822","188,089","185,196","185,996","217,287","161,508","157,639","797,278","142,917","127,500","141,195","100,290"
,Confirmed,"13,936",,"19,753","28,982","31,900","23,867","23,915","35,244","111,719","53,182","53,659","64,957","45,783"
,Microscopy examined,"54,714",,"66,018","90,185","90,275","79,308","62,658","70,820","264,676","75,819","80,266","104,166","63,388"
,Microscopy positive,"12,816",,"18,694","26,432","27,687","20,390","22,419","28,297","88,112","31,184","33,349","44,330","27,887"
,RDT examined,"7,887",,"4,129","10,132","11,812","12,761","2,738","18,877","71,787","47,712","48,330","38,736","37,481"
,RDT positive,"1,120",,"1,059","2,550","4,213","3,477","1,496","6,947","23,607","21,998","20,310","20,627","17,896"
Gambia,Suspected cases,"492,062",,"862,442","889,494","603,424","908,082","874,690","656,212","706,868","602,947","537,205","609,029","713,242"
,Presumed and confirmed,"194,009","268,020","313,469","281,550","168,256","255,403","164,421","83,668","88,654","53,386","75,801","73,781","119,104"
,Confirmed,"116,353","268,020","313,469","242,513","168,256","246,348","162,739","78,040","87,448","53,386","75,801","73,781","119,104"
,Microscopy examined,"290,842","172,241","156,580","236,329","286,111","272,604","165,793","77,491","171,668","150,585","198,658","116,036","262,070"
,Microscopy positive,"52,245","71,588","29,325","65,666","66,253","49,649","26,397","11,343","14,510","10,982","22,226","12,642","42,480"
,RDT examined,"123,564",,"705,862","614,128","317,313","626,423","707,215","573,093","533,994","452,362","338,547","492,993","451,172"
,RDT positive,"64,108","196,432","284,144","176,847","102,003","196,699","136,342","66,697","72,938","42,404","53,575","61,139","76,624"
Ghana,Suspected cases,"5,107,626","5,121,411","12,656,535","8,507,245","10,748,502","15,946,366","15,742,112","19,069,870","15,542,218","11,977,117","10,433,887","12,071,445","10,930,585"
,Presumed and confirmed,"3,900,311","4,207,941","10,754,320","7,259,892","8,566,002","11,678,306","11,451,328","13,472,089","11,154,400","6,703,687","5,879,506","6,077,543","5,456,588"
,Confirmed,"1,071,637","1,041,260","3,755,166","1,643,642","3,415,912","5,657,096","5,428,979","7,003,155","4,931,454","6,115,267","5,447,563","5,747,585","5,239,236"
,Microscopy examined,"2,031,674","1,172,838","4,219,097","1,394,249","1,987,959","2,023,581","2,594,918","2,495,536","2,659,067","3,004,989","3,088,665","3,652,265","3,409,994"
,Microscopy positive,"1,029,384","624,756","2,971,699","721,898","970,448","934,304","1,189,012","1,089,799","1,105,348","1,160,426","1,401,009","1,327,675","1,264,229"
,RDT examined,"247,278","781,892","1,438,284","1,496,746","3,610,453","7,901,575","7,124,845","10,105,400","6,660,205","8,383,708","6,820,524","8,057,955","7,284,471"
,RDT positive,"42,253","416,504","783,467","921,744","2,445,464","4,722,792","4,239,967","5,913,356","3,826,106","4,954,841","4,046,554","4,419,910","3,975,007"
Guinea,Suspected cases,,"1,276,057",,,,"1,254,937","1,503,035","2,134,543","2,608,481","4,964,466","3,936,433","5,852,601","6,315,992"
,Presumed and confirmed,"1,117,182","1,189,016","1,261,951","775,341","1,595,828","895,016","992,146","1,335,323","1,246,598","3,424,246","2,548,635","4,161,387","4,372,223"
,Confirmed,"20,936","95,574","340,258","211,257","660,207","810,979","992,146","1,335,323","1,214,996","2,143,225","2,008,976","2,422,374","2,474,774"
,Microscopy examined,,"43,549",,,"116,767","78,377","79,233","99,083","131,715","184,697","191,421","234,269","257,178"
,Microscopy positive,"20,936","5,450","191,421","63,353","82,818","52,211","53,805","64,211","77,119","112,966","117,568","141,621","131,767"
,RDT examined,,"139,066",,,,"1,092,523","1,423,802","2,035,460","2,445,164","3,498,748","3,205,353","3,879,319","4,161,365"
,RDT positive,,"90,124","148,837","147,904","577,389","758,768","938,341","1,271,112","1,137,877","2,030,259","1,891,408","2,280,753","2,343,007"
Guinea-Bissau,Suspected cases,"195,006","300,233","237,398","238,580","330,533","413,727","398,429","498,879","469,640","497,916",,,"501,423"
,Presumed and confirmed,"140,143","174,986","129,684","132,176","102,945","150,085","156,523","152,619","171,075","160,907",,,"185,156"
,Confirmed,"50,391","71,982","50,381","54,584","97,424","150,085","156,471","152,619","171,075","160,907",,,"185,156"
,Microscopy examined,"48,799","57,698","61,048","58,909","106,882","123,810","146,708","157,970","149,423","151,262",,,"146,666"
,Microscopy positive,"30,239","21,320","23,547","17,733","35,546","45,789","53,014","53,770","45,564","45,675",,,"47,359"
,RDT examined,"56,455","139,531","97,047","102,079","218,130","289,917","251,669","340,909","320,217","341,365",,,"350,222"
,RDT positive,"20,152","50,662","26,834","36,851","61,878","104,296","103,457","98,849","125,511","115,232",,,"137,797"
Kenya,Suspected cases,"7,557,454","13,127,058","12,883,521","14,742,401","15,204,056","16,037,285","16,290,286","15,362,146","18,435,472","8,911,133","14,060,361","13,748,015","13,508,830"
,Presumed and confirmed,"6,071,583","11,120,812","9,335,951","9,790,796","9,698,529","8,219,230","8,647,072","8,462,076","10,875,734",5’270’358*,7’285’476+*‡,4’697’886+‡,5’232’307+‡
,Confirmed,"898,531","1,002,805","1,453,471","2,375,129","2,851,555","2,041,277","3,064,796","3,607,026","2,318,090",5’019’389*,4’069’277+*‡,4’270’769+‡,4’890’691+‡
,Microscopy examined,"2,384,402","3,009,051","4,836,617","6,606,885","7,444,865","7,772,329","6,167,609","5,952,353","4,282,912",,"6,591,588","7,503,911","6,154,581"
,Microscopy positive,"898,531","1,002,805","1,426,719","2,060,608","2,415,950","1,025,508","1,569,045","2,215,665","827,947","4,656,702","1,646,648","1,496,769","1,127,502"
,RDT examined,,,"164,424","719,849","912,217","2,087,003","4,540,401","4,554,743","5,594,916","514,579","4,179,731","5,816,987","7,012,633"
,RDT positive,,,"26,752","314,521","435,605","1,015,769","1,495,751","1,391,361","1,490,143","362,687","2,012,522","2,331,988","3,343,289"
Liberia,Suspected cases,"3,087,659","2,896,874","2,441,800","2,202,213","2,450,878","2,403,783","3,105,390","2,034,027",,"1,726,913",,"1,507,881","1,214,098"
,Presumed and confirmed,"2,675,816","2,488,331","1,805,546","1,483,676","1,083,513","1,835,238","2,343,410","1,366,176",,"1,041,800",,"983,978","760,056"
,Confirmed,"922,173","1,921,159","1,412,629","1,244,220","881,224","941,711","1,191,137","1,093,115",,"915,845",,"912,436","696,684"
,Microscopy examined,"335,973","728,443","772,362","818,352","1,318,801","509,062","649,096","715,643",,"640,901",,"478,408","356,700"
,Microscopy positive,"212,927","577,641","507,967","496,269","302,708","305,981","381,781","425,639",,"325,658",,"304,818","218,297"
,RDT examined,"998,043","1,601,259","1,276,521","1,144,405","929,788","1,001,194","1,304,021","1,045,323",,"960,057",,"957,931","794,026"
,RDT positive,"709,246","1,343,518","904,662","747,951","578,516","635,730","809,356","667,476",,"590,187",,"607,618","478,387"
Madagascar2,Suspected cases,"719,967","805,701","1,066,564","1,156,468","1,357,857","2,386,641","2,567,451","2,610,069","2,439,906","2,866,191","3,838,721",4’571’944**,"4,248,332"
,Presumed and confirmed,"293,910","255,814","456,795","472,644","688,852","1,366,205","1,216,077","1,163,807","1,078,140","984,304","1,959,962",2’365’135^,1’693’321*
,Confirmed,"202,450","224,498","402,900","433,450","470,924","939,657","686,024","985,852","972,790","970,828","1,950,471",2’339’103^,1’679’547*
,Microscopy examined,"24,393","34,813","38,453","42,573","37,362","39,604","33,085","34,265","43,759","40,619","30,406","12,495","10,305"
,Microscopy positive,"2,173","3,447","3,667","4,947","3,853","4,748","3,734","5,134","7,400","5,932","5,075","6,759","2,852"
,RDT examined,"604,114","739,572","974,216","1,074,701","1,102,567","1,920,489","2,004,313","2,397,849","2,290,797","2,685,182","3,798,824","4,571,944","4,224,253"
,RDT positive,"200,277","221,051","399,233","428,503","467,071","934,909","682,290","980,718","965,390","964,896","1,945,396","2,339,103","1,676,695"
,Imported cases,,,,,712,"1,167",,,,"7,116","1,732",203,
Malawi,Suspected cases,,"5,734,906","6,528,505","5,787,441","7,703,651","8,518,905","9,239,462","10,530,601","11,513,684","10,994,966","12,645,404","13,303,404","10,899,799"
,Presumed and confirmed,"6,851,108","5,338,701","4,922,596","3,906,838","5,065,703","4,933,416","5,165,386","5,936,348","5,865,476","5,205,920","7,169,642","6,982,423","4,251,068"
,Confirmed,,"304,499","1,564,984","1,280,892","2,905,310","3,661,238","4,827,373","4,947,443","5,865,476","5,184,107","7,139,065","6,948,500","4,226,161"
,Microscopy examined,,"119,996","406,907","132,475","198,534","216,643","240,212","127,752","129,575","103,754","166,959","173,924","156,925"
,Microscopy positive,,"50,526","283,138","44,501","77,635","75,923","96,538","46,099","34,735","30,328","81,201","67,963","52,173"
,RDT examined,,"580,708","2,763,986","3,029,020","5,344,724","7,030,084","8,661,237","9,413,944","11,384,109","10,861,320","12,439,185","13,075,023","10,711,306"
,RDT positive,,"253,973","1,281,846","1,236,391","2,827,675","3,585,315","4,730,835","4,901,344","5,830,741","5,153,779","7,057,864","6,880,537","4,173,988"
Mali,Suspected cases,"3,351,419","2,628,593",,"3,076,029","3,246,800","4,692,412","3,778,535","3,624,885","3,725,896","5,232,430","4,382,988","4,924,702","5,572,383"
,Presumed and confirmed,"2,191,285","1,961,070","2,204,724","2,510,534","2,593,880","3,543,576","2,465,914","2,456,639","2,614,104","3,607,237","3,363,800","3,561,439","4,004,297"
,Confirmed,"239,787","307,035","886,482","1,506,940","2,039,853","2,454,508","2,311,098","2,277,218","2,345,475","3,221,535","2,666,266","3,204,130","3,771,426"
,Microscopy examined,,,,,,,,"397,723","437,903","594,303","736,392","773,071","835,860"
,Microscopy positive,,,"97,995","190,337","219,637","243,151","235,212","276,673","301,880","468,011","541,755","582,149","632,358"
,RDT examined,"1,399,921","974,558",,"2,072,435","2,692,773","3,603,344","3,623,719","3,047,741","3,019,364","4,252,425","2,927,529","3,778,046","4,490,638"
,RDT positive,"239,787","307,035","788,487","1,316,603","1,820,216","2,211,357","2,075,886","2,000,545","2,043,595","2,753,524","2,124,511","2,621,981","3,139,068"
Mauritania,Suspected cases,"239,795","191,726","209,955","190,446","203,991","233,362","192,980","214,087","221,121","155,658","160,032","96,044","205,333"
,Presumed and confirmed,"234,041","182,909","206,685","182,947","172,326","195,740","171,348","182,677","175,841","135,120","144,709","49,560","130,720"
,Confirmed,"1,994","2,926","1,888","1,587","15,835","22,631","29,156","20,105","30,609","14,869","12,425","18,660","41,901"
,Microscopy examined,"5,449","3,752","1,865","5,510",,,,,,,,,"4,600"
,Microscopy positive,909,"1,130",255,957,,,,,,,,,"1,361"
,RDT examined,"2,299","7,991","3,293","3,576","47,500","60,253","50,788","51,515","75,889","35,407","27,748","49,972","111,914"
,RDT positive,"1,085","1,796","1,633",630,"15,835","22,631","29,156","20,105","30,609","14,869","12,425","18,660","40,540"
Mayotte2,Suspected cases,"2,023","1,214","1,463",,,,,,,,,,
,Presumed and confirmed,396,92,72,82,15,11,28,19,47,,,,
,Confirmed,396,92,72,82,15,11,28,19,47,,,,
,Microscopy examined,"2,023","1,214","1,463",,,,,,,,,,
,Microscopy positive,396,92,72,82,15,11,28,19,47,,,,
,Imported cases,236,51,47,71,14,10,10,10,44,,,,
,Relapse cases,0,0,0,,0,,,,,,,,
Mozambique,Suspected cases,"6,097,263","7,059,112","6,265,567","8,565,263","12,612,456","15,057,398","17,490,954","17,463,976","18,791,446","21,180,727","19,516,184","19,238,020","23,225,280"
,Presumed and confirmed,"3,381,371","3,344,413","3,296,332","4,261,529","7,452,733","8,306,986","10,373,341","9,981,277","10,339,330","11,781,516","11,331,009","10,106,592","12,405,868"
,Confirmed,"1,522,577","1,756,874","1,853,276","3,282,172","7,407,175","8,222,814","9,690,873","9,892,601","10,304,472","11,734,926","11,318,685","10,095,807","12,387,459"
,Microscopy examined,"1,950,933","2,504,720","2,546,213","2,058,998","2,295,823","2,313,129","1,886,154","1,699,589","1,909,051","1,669,097","1,293,955","833,970","1,129,094"
,Microscopy positive,"644,568","1,093,742","886,143","774,891","1,009,496","735,750","674,697","700,282","743,435","608,016","473,160","271,441","371,766"
,RDT examined,"2,287,536","2,966,853","2,276,298","5,526,908","10,271,075","12,660,097","14,922,332","15,675,711","16,847,537","19,465,040","18,209,905","18,393,265","22,077,777"
,RDT positive,"878,009","663,132","967,133","2,507,281","6,397,679","7,487,064","9,016,176","9,192,319","9,561,037","11,126,910","10,845,525","9,824,366","12,015,693"
Namibia2,Suspected cases,"39,855",61’145**,"10,844",32’495**,185’078**,207’612**,308’414**,616’513**,394’822**,295’367**,258’145**,263’202**,"369,364"
,Presumed and confirmed,"25,889",14’071^,"3,163",4’775‡,15’692^,12’050‡,24’869^,66’141^,36’451^,3’404^,13’636^,13’738^,"11,849"
,Confirmed,556,1’525^,194,4’775‡,15’692^,12’050‡,24’869^,66’141^,36’451^,3’404^,13’636^,13’738^,"11,849"
,Microscopy examined,"14,522","13,262","7,875","1,507","1,894","1,471","1,778","1,778","1,215",511,809,245,"1,039"
,Microscopy positive,556,335,194,136,222,118,329,364,289,301,168,100,49
,RDT examined,,"48,599",,"32,495","185,078","207,612","308,414","616,513","394,822","295,367","258,145","263,202","362,797"
,RDT positive,,"1,525",,"4,775","15,692","12,050","24,869","66,141","36,451","3,404","13,636","13,738","11,800"
,Imported cases,,,,,,"2,888","3,980","11,874","4,021","1,064","1,342",759,"1,548"
Niger,Suspected cases,"11,231,308","5,315,185","7,818,305","5,584,223","7,100,212","4,671,411","7,347,200","4,013,178","4,810,919","6,214,192","7,110,541","6,506,016","9,001,730"
,Presumed and confirmed,"4,231,896","4,401,099","6,398,943","4,333,905","5,247,235","3,937,742","5,166,336","2,761,268","3,358,058","4,402,685","5,235,815","4,661,376","5,648,740"
,Confirmed,"642,774","838,585","2,329,260","2,373,591","3,963,768","2,392,108","4,258,110","2,761,268","3,046,450","3,771,451","4,377,938","4,044,707","5,166,412"
,Microscopy examined,"165,514","130,658","1,781,505","1,799,299","2,872,710","295,229","3,198,194","203,583","213,795","303,115","337,657","264,694","445,044"
,Microscopy positive,"49,285","68,529","1,119,929","1,176,711","1,953,279","206,660","2,120,515","125,856","121,657","211,783","223,601","198,998","267,548"
,RDT examined,"7,476,672","1,622,013","1,967,117","1,824,610","2,944,035","2,830,548","3,240,780","3,809,595","4,285,516","5,279,843","5,915,007","5,624,653","8,074,358"
,RDT positive,"593,489","770,056","1,209,331","1,196,880","2,010,489","2,185,448","2,137,595","2,635,412","2,924,793","3,559,668","4,154,337","3,845,709","4,898,864"
Nigeria,Suspected cases,,"5,221,656","11,789,970","21,659,831","20,558,467","20,243,915","29,113,322","25,106,551","25,381,459","29,489,245","27,370,935","30,202,722","32,983,459"
,Presumed and confirmed,"3,873,463","4,306,945","6,938,519","12,830,911","17,257,495","16,702,261","23,956,669","20,219,268","20,482,380","23,376,793","21,580,055","23,608,797","24,968,466"
,Confirmed,"551,187",,,,"8,572,322","8,068,583","13,598,282","13,087,878","14,548,024","19,806,915","18,325,240","21,325,186","23,050,405"
,Microscopy examined,,"672,185","1,953,399","1,633,960","1,681,469","839,849","901,141","1,055,444","1,428,731","3,298,156","3,086,039","3,405,012","3,186,224"
,Microscopy positive,"523,513",,,,"1,233,654","556,871","618,363","749,118","1,023,273","2,476,514","2,312,163","2,559,742","2,377,840"
,RDT examined,"45,924","242,526","2,898,052","7,194,960","10,191,825","10,770,388","17,853,794","16,919,717","18,018,372","22,621,211","21,030,081","24,514,099","27,879,174"
,RDT positive,"27,674",,,,"7,338,668","7,511,712","12,979,919","12,338,760","13,524,751","17,330,401","16,013,077","18,765,444","20,672,565"
Rwanda,Suspected cases,"2,883,666","1,802,382","3,095,386","3,064,585","4,178,206","6,093,114","7,502,174","11,186,029","9,666,424","8,829,176","6,879,911","5,576,953","5,117,823"
,Presumed and confirmed,"669,322","273,293","483,470","962,618","1,623,176","2,505,794","3,380,568","5,940,533","4,231,883","3,612,822","2,043,392",1’163’670*,"857,228"
,Confirmed,"669,322","273,293","483,470","962,618","1,623,176","2,505,794","3,380,568","5,940,533","4,231,883","3,612,822","2,043,392",1’163’670*,"857,228"
,Microscopy examined,"2,708,973","1,602,271","2,904,793","2,862,877","4,010,202","5,811,267","6,603,261","6,637,571","5,501,455","4,576,495","3,181,252","3,175,568","3,023,720"
,Microscopy positive,"638,669","208,858","422,224","879,316","1,541,189","2,354,400","2,916,902","2,927,780","1,657,793","1,144,762","493,480","259,161","205,153"
,RDT examined,"174,693","200,111","190,593","201,708","168,004","281,847","898,913","4,548,458","4,164,969","4,252,681","3,698,659","2,401,385","2,094,103"
,RDT positive,"30,653","64,435","61,246","83,302","81,987","151,394","463,666","3,012,753","2,574,090","2,468,060","1,549,912","904,509","652,075"
Sao Tome and Principe2,Suspected cases,"76,593","117,279","126,897","108,634","91,445","84,348","121,409","96,612","169,883","202,207","195,365","163,496","228,377"
,Presumed and confirmed,"3,146","8,442","12,550","9,243","1,754","2,058","2,238","2,241","2,940","2,742","1,944","2,730","3,979"
,Confirmed,"3,146","8,442","12,550","9,243","1,754","2,058","2,238","2,241","2,940","2,742","1,944","2,730","3,979"
,Microscopy examined,"48,366","83,355","103,773","73,866","33,355","11,941","3,682","2,146","13,186","4,071","30,265","6,739","4,058"
,Microscopy positive,"2,233","6,373","10,706","6,352",569,140,33,109,148,306,"1,544","2,397","2,502"
,RDT examined,"28,227","33,924","23,124","34,768","58,090","72,407","117,727","94,466","156,697","198,136","165,100","156,757","224,319"
,RDT positive,913,"2,069","1,844","2,891","1,185","1,918","2,205","2,132","2,792","2,436",400,333,"1,477"
,Imported cases,,,,,,2,0,2,3,10,11,11,9
Senegal2,Suspected cases,"721,687","633,380","686,047","867,157","727,918","1,421,221","1,559,054","2,035,693","2,096,124","2,010,398","2,206,842","2,632,540","2,193,851"
,Presumed and confirmed,"390,015","328,276","404,762","475,144","296,367","502,084","356,272","398,377","536,745","359,246","452,984","547,773","391,679"
,Confirmed,"330,331","274,119","294,385","366,687","265,624","492,253","349,540","395,706","530,944","354,708","445,313","536,850","358,033"
,Microscopy examined,"27,793","18,325","19,946","24,205","19,343","26,556","38,748","21,639","12,881","11,356","13,641","15,963","20,296"
,Microscopy positive,"16,226","12,770","14,144","17,522","11,262","17,846","9,918","10,463","3,997","2,496","3,881","5,222","4,664"
,RDT examined,"634,210","560,898","555,724","734,495","677,832","1,384,834","1,513,574","2,011,383","2,077,442","1,994,504","2,185,530","2,605,654","2,139,909"
,RDT positive,"314,105","261,349","280,241","349,165","254,362","474,407","339,622","385,243","526,947","352,212","441,432","531,628","353,369"
,Imported cases,,,,,,0,0,0,292,45,0,0,0
Sierra Leone,Suspected cases,"2,327,928","1,150,747","2,579,296","2,576,550","2,647,375","2,337,297","2,996,959","2,935,447","2,895,596","4,169,146","1,860,018","3,174,623","2,979,539"
,Presumed and confirmed,"934,028","861,491","1,945,859","1,715,851","1,898,852","1,569,606","1,845,727","1,741,512","1,781,855","2,445,392","1,223,397","2,043,818","1,862,886"
,Confirmed,"934,028","644,018","1,537,322","1,701,958","1,374,476","1,483,376","1,775,306","1,651,236","1,733,831","2,407,505","725,006","1,953,902","1,768,419"
,Microscopy examined,"718,473","46,280","194,787","185,403","66,277","75,025","120,917","10,910","20,155","140,768","149,100","137,649","167,999"
,Microscopy positive,"218,473","30,670","104,533","76,077","39,414","37,820","60,458","5,717","8,719","35,055","71,001","71,448","78,371"
,RDT examined,"1,609,455","886,994","1,975,972","2,377,254","2,056,722","2,176,042","2,805,621","2,834,261","2,827,417","3,990,491","1,212,527","2,947,058","2,660,791"
,RDT positive,"715,555","613,348","1,432,789","1,625,881","1,335,062","1,445,556","1,714,848","1,645,519","1,725,112","2,372,450","654,005","1,882,454","1,690,048"
South Africa2,Suspected cases,"276,669","382,434","151,344","603,726","540,913","43,515","63,277","56,257",,,"98,562",97’213**,28’641**
,Presumed and confirmed,"8,060","9,866","6,621","8,645","11,705","4,959","4,323","29,615","10,789","13,833",8’126^‡,"5,889",7’280^
,Confirmed,"8,060","9,866","6,621","8,645","11,705","4,959","4,323","29,615","10,789","13,833",8’126^‡,"5,889",7’280^
,Microscopy examined,,"178,387","121,291","364,021","300,291","13,917","20,653",,,,"4,654","1,426","6,758"
,Microscopy positive,"3,787","5,986","1,632","2,572","4,101",785,"1,219","9,592","2,666",477,622,"1,426","1,190"
,RDT examined,"276,669","204,047","30,053","239,705","240,622","29,598","42,624","56,257",,,"11,982","96,802","28,641"
,RDT positive,"4,273","3,880","4,989","6,073","7,604","4,174","3,104","20,023","8,123","13,356","8,126","4,463","7,280"
,Imported cases,,,,,,"3,568","3,075","6,234","5,742","8,890","3,663","2,917","5,237"
South Sudan4,Suspected cases,,,,,"2,492,473","3,814,332","566,043","5,391,360","6,405,779","5,258,306",,"4,038,950","9,874,633"
,Presumed and confirmed,"900,283","1,473,653","1,125,039","1,855,501","2,433,991","3,789,475","555,957","4,054,795","4,697,506","4,064,662",1’805’371+*‡,"3,149,649","5,538,588"
,Confirmed,"900,283","112,024","225,371","262,520","71,377","24,371","7,619","1,488,005","98,843","1,903,742",661’922+*‡,"2,017,227","2,527,657"
,Microscopy examined,,,,,"27,321","22,721","6,954","800,067","1,204","4,689","33,656","300,439","3,593,783"
,Microscopy positive,"900,283","112,024","225,371","262,520","18,344","11,272","2,357","335,642",634,"1,237","16,535","173,612","259,472"
,RDT examined,,,,,"102,538","26,507","10,751","2,024,503","1,805,912","3,092,697","280,150","2,606,089","3,269,919"
,RDT positive,,,,,"53,033","13,099","5,262","1,152,363","98,209","1,902,505","192,095","1,843,615","2,268,185"
Togo,Suspected cases,"2,035,303","906,276","1,590,266","1,550,804","2,255,010","2,356,048","2,577,029","2,747,984","3,009,800","3,531,375",,"3,091,060","3,536,879"
,Presumed and confirmed,"1,441,199","519,452","909,129","965,832","1,524,339","1,610,711","1,746,334","1,756,582","2,002,877","2,406,091",,1’845’368^‡,2’222’943+‡
,Confirmed,"1,019,029","506,764","909,129","965,832","1,524,339","1,610,711","1,746,334","1,756,582","2,002,877","2,406,091",,1’845’368^‡,2’222’943+‡
,Microscopy examined,"478,354","502,977","579,507","560,538","621,119","643,815","501,516","482,664","446,404","492,629",,"623,623","545,147"
,Microscopy positive,"206,071","224,619","260,535","272,984","310,207","317,578","231,919","209,626","229,267","269,526",,"245,956","197,157"
,RDT examined,"1,134,779","390,611","1,010,759","990,266","1,633,891","1,712,233","2,075,513","2,265,320","2,563,396","3,038,746",,"2,332,983","2,911,059"
,RDT positive,"812,958","282,145","648,594","692,848","1,214,132","1,293,133","1,514,415","1,546,956","1,773,610","2,136,565",,"1,617,949","2,017,505"
Uganda,Suspected cases,"15,320,926","12,362,291","16,845,771","26,145,615","19,201,136","22,952,246","27,257,784","22,319,643","17,111,650","25,756,835","27,434,176","25,048,071","30,886,839"
,Presumed and confirmed,"13,217,617","11,991,843","13,591,932","16,541,563","13,724,345","13,696,889","14,008,604","11,667,831","8,522,824","15,592,793",17’475’040+£,15’144’755+*£,20’012’873+£
,Confirmed,"1,666,582","316,241","2,662,258","1,502,362","3,631,939","7,412,747","9,735,849","11,667,831","5,759,174","13,982,362",16’329’136+£,14’336’387+*£,19’185’472+£
,Microscopy examined,"3,705,284","385,928","3,466,571","3,718,588","2,048,185","3,684,722","4,492,090","5,515,931","1,606,330","4,691,859","4,284,114","4,029,037","4,850,295"
,Microscopy positive,"1,628,595","134,726","1,413,149","1,502,362","578,289","1,248,576","1,542,091","1,694,441","458,909","1,622,576","1,647,933","1,513,116","1,867,654"
,RDT examined,"64,607","300,761","2,449,526","7,387,826","7,060,545","12,983,382","18,492,939","16,803,712","12,741,670","19,454,545","22,004,158","20,210,666","25,155,167"
,RDT positive,"37,987","181,515","1,249,109",,"3,053,650","6,164,171","8,193,758","9,973,390","5,300,265","12,359,786","12,548,724","11,131,747","15,006,036"
United Republic of Tanzania2,Suspected cases,"15,452,268","15,442,493","14,659,506","15,177,829","25,197,621","20,829,480","17,881,657","20,276,522","22,784,288","20,981,250","22,471,902","20,794,633","19,062,775"
,Presumed and confirmed,"12,893,899","10,165,442","8,478,109","8,587,728","7,403,952","8,406,354","6,624,054","5,988,136",6’558’257£,6’575’185£,6’346’069£,4’632’180£,3’666’741+£
,Confirmed,"1,279,362","2,151,236","1,987,629","1,554,690","680,407","4,902,828","5,762,462","5,744,907",6’392’846£,6’485’437£,6’308’276£,4’623’393£,3’661’208+£
,Microscopy examined,"3,701,608","5,800,195","7,077,411","6,888,029","727,130","673,223","1,386,389","2,888,538","3,015,052","1,840,897","1,696,487","1,534,975","1,151,121"
,Microscopy positive,"1,277,388","1,813,654","1,772,736","1,481,759","572,289","412,702","1,262,679","916,742","831,903","366,673","296,052","229,485","174,640"
,RDT examined,"136,123","1,628,092","1,091,615","1,256,762","17,746,946","16,652,731","15,633,676","17,144,755","19,603,825","18,861,368","20,620,288","19,210,871","17,898,920"
,RDT positive,"1,974","337,582","214,893","72,931","108,118","4,490,126","4,499,783","4,828,165","5,221,811","5,546,911","5,681,861","4,227,333","3,355,968"
,Imported cases,,,,719$,1’583$,2’550$,,,1’754$,3’286$,4’314$,4’319$,"6,244"
Mainland2,Suspected cases,"15,180,191","14,986,775","14,122,756","14,649,872","24,880,179","20,451,119","17,526,829","19,930,496","22,440,865","20,570,343","22,009,560","20,273,766","18,629,918"
,Presumed and confirmed,"12,819,556","10,160,953","8,474,952","8,585,128","7,399,316","8,400,537","6,617,261","5,982,270",6’554’247+£,6’568’222+£,6’331’881+£,4’625’830+£,3’662’184+*£
,Confirmed,"1,277,024","2,146,747","1,984,698","1,552,444","678,207","4,898,211","5,755,669","5,739,863",6’389’514+£,6’478’474+£,6’294’088+£,4’617’043+£,3’656’651+*£
,Microscopy examined,"3,637,659","5,656,907","6,931,025","6,804,085","592,320","532,118","1,285,720","2,826,948","2,937,666","1,768,635","1,627,724","1,480,697","1,113,993"
,Microscopy positive,"1,277,024","1,813,179","1,772,062","1,481,275","571,598","411,741","1,261,650","915,887","830,668","364,890","293,049","228,379","174,276"
,RDT examined,,"1,315,662","701,477","813,103","17,566,750","16,416,675","15,379,517","16,861,141","19,338,466","18,711,960","20,344,043","18,784,282","17,510,392"
,RDT positive,,"333,568","212,636","71,169","106,609","4,486,470","4,494,019","4,823,976","5,219,714","5,541,731","5,670,676","4,222,089","3,351,775"
,Imported cases,,,,,,,,,,,,,"2,951"
Zanzibar2,Suspected cases,"272,077","455,718","536,750","527,957","317,442","378,361","354,828","346,026","343,423","427,029","462,342","520,867","432,857"
,Presumed and confirmed,"74,343","4,489","3,157","2,600","4,636","5,817","6,793","5,866","4,010","6,963",14’188*,"6,350","4,557"
,Confirmed,"2,338","4,489","2,931","2,246","2,200","4,617","6,793","5,044","3,332","6,963",14’188*,"6,350","4,557"
,Microscopy examined,"63,949","143,288","146,386","83,944","134,810","141,105","100,669","61,590","77,386","72,262","68,763","54,278","37,128"
,Microscopy positive,364,475,674,484,691,961,"1,029",855,"1,235","1,783","3,003","1,106",364
,RDT examined,"136,123","312,430","390,138","443,659","180,196","236,056","254,159","283,614","265,359","149,408","276,245","426,589","388,528"
,RDT positive,"1,974","4,014","2,257","1,762","1,509","3,656","5,764","4,189","2,097","5,180","11,185","5,244","4,193"
,Imported cases,,,,719,"1,583","2,550",,,"1,754","3,286","4,314","4,319","3,293"
Zambia,Suspected cases,,,,,"7,859,740","8,116,962","9,627,862","10,952,323","10,055,407","11,340,409","15,491,235","13,957,528","16,376,877"
,Presumed and confirmed,"4,229,839","4,607,908","4,695,400","5,465,122","5,972,933","5,094,123","5,976,192","6,054,679","5,195,723","5,360,020","8,698,304","7,159,243","8,318,534"
,Confirmed,,,,,"4,077,547","4,184,661","4,851,319","5,505,639","5,039,679","5,147,350","8,121,215","6,769,142","8,126,829"
,Microscopy examined,,,,,,,,,"180,697","275,323","398,195","446,750","416,225"
,Microscopy positive,,,,,,,,,"49,855","78,474","128,291","117,585","98,782"
,RDT examined,,,,,"5,964,354","7,207,500","8,502,989","10,403,283","9,718,666","10,852,416","14,513,049","13,120,677","15,768,947"
,RDT positive,,,,,"4,077,547","4,184,661","4,851,319","5,505,639","4,989,824","5,068,876","7,992,924","6,651,557","8,028,047"
Zimbabwe2,Suspected cases,"912,618","480,011","734,997","1,128,954","1,504,682","1,693,630","1,499,675","1,828,301","1,293,392","1,324,299","1,389,065","922,001","985,957"
,Presumed and confirmed,"648,965","321,901","277,736","423,702","572,944","484,794","384,029","767,069","264,018","308,173","447,381","133,137","141,076"
,Confirmed,"249,379","321,901","277,736","423,702","550,696","484,794","316,989","471,798","264,018","308,173","447,381","133,137","141,076"
,Microscopy examined,,"10,004","7,823","13,949","28,745","55,192","102,566",,"2,771",,,,
,Microscopy positive,"249,379","1,966",773,"1,069","2,420","2,415","2,986","3,522",,,,,
,RDT examined,"513,032","470,007","727,174","1,115,005","1,453,689","1,638,438","1,330,069","1,533,030","1,290,621","1,297,197","1,356,433","904,833","967,891"
,RDT positive,"249,379","319,935","276,963","422,633","548,276","482,379","314,003","468,276","264,018","308,173","447,381","133,137","141,076"
,Imported cases,,,,,,180,358,768,672,,,,
AMERICAS,,,,,,,,,,,,,,
"Argentina1,2,3",Suspected cases,"2,547","7,872","7,027","4,913","5,691","3,862","3,479","2,114",345,"2,850","1,268",439,"1,077"
,Presumed and confirmed,121,28,16,11,15,11,9,16^,28,22,13,13,10
,Confirmed,121,28,16,11,15,11,9,16^,28,22,13,13,10
,Microscopy examined,"2,547","7,872","7,027","4,913","5,691","3,862","3,479","2,114",345,"2,850","1,268",439,"1,077"
,Microscopy positive,121,28,16,11,15,11,9,16,28,22,13,13,10
,RDT positive,,,,,,,,2,,,,,
,Imported cases,55,28,16,11,15,11,9,18,23,22,13,13,10
"Belize1,2,3",Suspected cases,"27,366","22,996","20,789","25,351","24,122","26,367","20,936","26,995","17,642","19,731",10’711**,10’893**,"28,121"
,Presumed and confirmed,150,79,37,26,19,13^‡,5,9^‡,7,2,0,0,0
,Confirmed,150,79,37,26,19,13^‡,5,9^‡,7,2,0,0,0
,Microscopy examined,"27,366","22,996","20,789","25,351","24,122","26,367","20,936","26,995","17,642","19,731","10,711","10,893","10,514"
,Microscopy positive,150,79,37,26,19,13,5,9,7,2,0,0,0
,RDT examined,,,,,,,,,,,114,"7,278","16,299"
,RDT positive,,,,,,5,,3,,,0,0,0
,Imported cases,,7,4,4,0,4,1,2,4,2,0,0,0
,Relapse cases,,0,0,2,0,0,0,0,0,0,0,0,0
Bolivia (Plurinational State of)2,Suspected cases,"140,857","150,662","132,904","144,049","124,900","159,167","155,407","151,697","139,938","137,473","136,795","139,279","155,466"
,Presumed and confirmed,"13,769","7,143","7,415","7,342","7,401","6,907","5,553","4,587","5,354","9,357","12,187","9,959","10,330"
,Confirmed,"13,769","7,143","7,415","7,342","7,401","6,907","5,553","4,587","5,354","9,357","12,187","9,959","10,330"
,Microscopy examined,"133,463","143,272","121,944","133,260","124,900","159,167","155,407","151,697","139,938","110,028",,,
,Microscopy positive,"12,252","6,108","6,293","6,272","7,401","6,907","5,553","4,334","5,261","8,118","8,507","7,404","7,692"
,RDT examined,"7,394","7,390","10,960","10,789",,,,,,"27,445",,,
,RDT positive,"1,517","1,035","1,122","1,070",,,,253,93,"1,239","3,680","2,555","2,638"
,Imported cases,,,,,,33,11,15,12,19,7,15,9
Brazil2,Suspected cases,"2,711,433","2,477,821","2,349,341","1,893,018","1,756,460","1,590,403","1,364,912","1,696,063","1,800,465","1,591,308","1,232,321","1,234,266","1,391,127"
,Presumed and confirmed,"334,668","267,146","242,758",206206+,162929+,169390+,152160+,238517+,244042+,190745+,172419+,163585+,151530+
,Confirmed,"334,668","267,146","242,758",206206+,162929+,169390+,152160+,238517+,244042+,190745+,172419+,163585+,151530+
,Microscopy examined,"2,711,432","2,476,335","2,325,775","1,873,518","1,744,640","1,573,538","1,341,639","1,656,685","1,754,244","1,539,938","1,163,048","1,138,847","1,151,314"
,Microscopy positive,"334,667","266,713","237,978","174,048","142,744","139,844","124,210","184,876","181,968","146,868","127,403","119,735","113,752"
,RDT examined,1,"1,486","23,566","19,500","11,820","16,865","23,273","39,378","46,221","51,370","69,273","95,419","80,477"
,RDT positive,1,433,"4,780","3,719","1,384","3,318","5,034","9,549","12,606","10,586","17,785","20,651","17,502"
,Imported cases,,,,"8,923","4,856","4,932","5,068","4,867","6,816","4,165","1,811","1,365","2,254"
,Relapse cases,,,,"27,660","20,185","23,229","22,916","44,092","49,469","33,286","27,213","23,199","20,276"
Colombia2,Suspected cases,"521,342","418,032","416,767","327,055","403,532","328,434","296,091","254,380","208,538","295,406","212,399","239,060","222,903"
,Presumed and confirmed,"117,650",64’436+‡,"60,179",51’722+‡,"40,768",55’866+‡,83’227+‡,54’102+‡,63’143+‡,80’415+‡,76’236+*‡,73’979+‡,"73,561"
,Confirmed,"117,650",64’436+‡,"60,179",51’722+‡,"40,768",55’866+‡,83’227+‡,54’102+‡,63’143+‡,80’415+‡,76’236+*‡,73’979+‡,"73,561"
,Microscopy examined,"521,342","396,861","346,599","284,332","325,713","316,451","242,973","244,732","195,286","283,471","202,736","222,155","195,291"
,Microscopy positive,"117,637","60,121","50,938","44,293","36,166","48,059","57,515","38,349","42,810","47,806","40,155","34,114","59,811"
,RDT examined,,"21,171","70,168","42,723","77,819","11,983","53,118","9,648","13,252","11,935","9,663","16,905","27,612"
,RDT positive,13,"4,188","9,241","7,403","4,602","3,535","5,655","5,056","3,407","3,703","5,284","5,396","13,750"
,Imported cases,,,,,,"7,785",618,"1,297","1,948","2,306",466,733,864
Costa Rica2,Suspected cases,"15,599","10,690","7,485","16,774","4,420",7’373**,5’160**,9’680**,9’000**,"10,631",7’754**,12’383**,10’946**
,Presumed and confirmed,137,17,8,6,6,8‡,13‡,25‡,152^,149,141^,232^,462^
,Confirmed,137,17,8,6,6,8‡,13‡,25‡,152^,149,141^,232^,462^
,Microscopy examined,"15,599","10,690","7,485","16,774","4,420","7,373","5,160","9,680","9,000","10,631","4,200","2,001","10,946"
,Microscopy positive,137,17,8,6,6,8,13,25,110,149,141,232,409
,RDT examined,,,,,,3,2,3,700,,"3,647","12,383","20,093"
,RDT positive,,,,,,3,2,3,44,,93,128,398
,Imported cases,4,6,1,4,5,8,9,13,38,45,34,27,36
,Relapse cases,0,0,0,2,1,0,0,0,2,4,4,12,5
Dominican Republic2,Suspected cases,469’052**,"477,555","506,583","502,683","416,729",317’257**,"251,245",226’988**,132’775**,143’366**,59’826**,48’139**,"77,709"
,Presumed and confirmed,2’482^,"1,616",952,579,496,661‡,755+‡,398‡,484^,1’314^,829^,291,337
,Confirmed,2’482^,"1,616",952,579,496,661‡,755+‡,398‡,484^,1’314^,829^,291,337
,Microscopy examined,"469,052","421,405","415,808","431,683","362,304","317,257","228,795","226,988","132,775","143,366","59,843","48,139","49,466"
,Microscopy positive,"2,482","1,616",952,579,496,661,487,398,322,"1,314",829,17,0
,RDT examined,"26,585","56,150","90,775","71,000","54,425","7,659","22,450","87,397","42,425","55,000","7,570","26,839","28,243"
,RDT positive,932,,,,,129,80,74,221,"1,313",241,274,337
,Imported cases,,,,106,37,30,65,57,87,37,3,7,17
,Relapse cases,,,,,0,0,3,0,23,3,,,
Ecuador2,Suspected cases,"488,830","460,785","459,157","397,628","370,825","261,824","311,920","306,894",237’995**,"177,742","163,990","184,862","122,820"
,Presumed and confirmed,"1,888","1,233",560,378,242,686^‡,"1,424",1’380^‡,1’806^,"1,909",2089+,2436+,1’666+*
,Confirmed,"1,888","1,233",560,378,242,686^‡,"1,424",1’380^‡,1’806^,"1,909",2089+,2436+,1’666+*
,Microscopy examined,"481,030","460,785","459,157","397,628","370,825","261,824","311,920","306,894","237,995","177,742","163,607","149,568","122,504"
,Microscopy positive,"1,888","1,233",560,378,242,686,"1,424","1,380","1,589","1,428","1,618","1,778","1,213"
,RDT examined,"7,800",,,,,,,,"6,782",,383,"35,294",316
,RDT positive,,,,,,6,,6,217,481,383,467,315
,Imported cases,,14,14,10,,59,233,105,153,106,67,70,42
,Relapse cases,,0,2,0,,,,,,,65,183,138
"El Salvador1,2,3",Suspected cases,"115,256",100’883**,"124,885","103,748","106,915","89,267","81,904","70,022",52’216**,"89,992","18,868","12,415","22,235"
,Presumed and confirmed,26,15^,20,7,8,9,14,4,2^,3,0,4,1
,Confirmed,26,15^,20,7,8,9,14,4,2^,3,0,4,1
,Microscopy examined,"115,256","100,883","124,885","103,748","106,915","89,267","81,904","70,022","52,216","89,992","18,868","12,415","22,235"
,Microscopy positive,26,15,20,7,8,9,14,4,2,3,0,4,1
,RDT examined,,1,,,,,,,1,,,,
,RDT positive,,1,,,,,,,1,,,,
,Imported cases,9,8,7,1,2,4,1,3,2,3,0,4,1
French Guiana2,Suspected cases,"14,373","14,429","13,638","22,327","14,651","11,558","9,430",,,,"6,238",,5’322**
,Presumed and confirmed,1’632^‡,1’209^‡,900^‡,875+‡,448,434,258,597,546,212§,154,143,51^
,Confirmed,1’632^‡,1’209^‡,900^‡,875+‡,448,434,258,597,546,212§,154,143,51^
,Microscopy examined,"14,373","14,429","13,638","22,327","14,651","11,558","9,430",,,,"6,238",,"4,600"
,Microscopy positive,"1,085",720,523,321,242,297,173,468,546,178,120,122,38
,RDT examined,,,,,,,,,,,,,736
,RDT positive,944,704,499,551,206,137,85,129,,34,34,21,27
,Imported cases,,,,,,60,41,43,,36,14,37,15
,Relapse cases,,,,,,0,0,0,,,,32,15
Guatemala2,Suspected cases,"237,075","195,080","186,645","153,731",250’964**,295’246**,333’535**,372’158**,438’833**,427’239**,319’660**,"369,252","454,272"
,Presumed and confirmed,7’384+‡,"6,817","5,346","6,214","4,931",5’540^,5’001+‡,4’124‡,3’021‡,2’072^,1’058‡,"1,273",1856+
,Confirmed,7’384+‡,"6,817","5,346","6,214","4,931",5’540^,5’001+‡,4’124‡,3’021‡,2’072^,1’058‡,"1,273",1856+
,Microscopy examined,"235,075","195,080","186,645","153,731","250,964","295,246","333,535","372,158","438,833","427,239","319,660","369,252","381,272"
,Microscopy positive,"7,198","6,817","5,346","6,214","4,931","5,538","4,854","3,744","3,021","2,072","1,058","1,273","1,811"
,RDT examined,"2,000",,,,"50,025","6,500","74,859","170,325","75,300","61,275","16,000",,"73,000"
,RDT positive,,,,,,"1,298",1,"2,078","1,748","1,309",292,,
,Imported cases,,,,,2,2,1,3,3,3,0,,
Guyana2,Suspected cases,"212,863",201’693**,"196,622","205,903","142,843","132,941","117,483","100,348","101,346","103,836",72’821**,"89,809","93,879"
,Presumed and confirmed,"22,935",29’471^,31’601^,"31,479","12,354","9,984",11’108^‡,13’936^,17’038^,"18,826",17’230^,20’850*,"20,769"
,Confirmed,"22,935",29’471^,31’601^,"31,479","12,354","9,984",11’108^‡,13’936^,17’038^,"18,826",17’230^,20’850*,"20,769"
,Microscopy examined,"212,863","201,693","196,622","205,903","142,843","132,941","110,891","100,105","95,986","85,736","49,496","63,165","73,726"
,Microscopy positive,"22,935","29,471","31,601","31,479","12,354","9,984","10,906","13,734","15,607","13,840","8,932","11,785","15,106"
,RDT examined,,35,,,,,"6,592",243,"5,360","18,100","27,116","26,622","20,153"
,RDT positive,,35,55,,,,"1,724",242,"3,570","4,986","10,025","9,065","5,663"
,Imported cases,,,,,,,411,,,184,51,64,39
,Relapse cases,,,,,,,0,,,,,,
Haiti,Suspected cases,"270,427","184,934","167,772","171,409","261,403","330,603","459,959",330’738**,287’522**,"266,675","245,202","198,881","230,117"
,Presumed and confirmed,"84,153","34,350","27,866","26,543","17,696",17’583^‡,21’430^‡,19’135‡,8’828‡,"10,687",22996+,9’513^,"14,757"
,Confirmed,"84,153","34,350","27,866","26,543","17,696",17’583^‡,21’430^‡,19’135‡,8’828‡,"10,687",22996+,9’513^,"14,757"
,Microscopy examined,"270,427","184,934","167,726","165,823","134,766","69,659","61,428","62,539","59,803","35,144","7,855","18,130","23,157"
,Microscopy positive,"84,153","34,350","27,866","26,543","10,893","5,224","4,342","2,119","1,586",765,"1,446",674,831
,RDT examined,,,46,"5,586","126,637","260,944","398,531","301,812","253,001","231,531","226,374","180,751","206,960"
,RDT positive,,,,,"6,803","12,702","23,325","18,309","8,232","9,922","21,541","9,333","13,926"
Honduras2,Suspected cases,152’961**,152’451**,155’165**,144’436**,151’420**,152’730**,173’651**,148’160**,142’780**,142’870**,"10,350","165,853","159,584"
,Presumed and confirmed,"9,745",7’618^,6’439^,5’364^,3’380^,3’555^,4’097^,1’283‡,653‡,391^,913^,1’657^,3’580*
,Confirmed,"9,745",7’618^,6’439^,5’364^,3’380^,3’555^,4’097^,1’283‡,653‡,391^,913^,1’657^,3’580*
,Microscopy examined,"152,961","152,451","155,165","144,436","151,420","150,854","167,836","148,160","142,780","142,870",,"151,244","138,052"
,Microscopy positive,"9,745","7,618","6,439","5,364","3,380","3,555","4,097","1,283",653,391,913,"1,657","3,321"
,RDT examined,"1,500","4,000","4,000",237,"1,427","4,928","20,745","25,870","31,556","18,754","10,350","14,609","21,532"
,RDT positive,,49,10,64,102,79,657,263,454,193,539,968,259
,Imported cases,,,,,2,0,3,10,21,61,98,105,36
,Relapse cases,,,,,,0,0,0,3,0,0,19,4
Mexico2,Suspected cases,"1,192,081","1,035,424","1,025,659","1,017,508","900,578",867’853**,798’568**,644’174**,"548,247",531’471**,"242,200","298,496","376,185"
,Presumed and confirmed,"1,233","1,130",842,499,666,551‡,596‡,765^,803^,641‡,369,275,244
,Confirmed,"1,233","1,130",842,499,666,551‡,596‡,765^,803^,641‡,369,275,244
,Microscopy examined,"1,192,081","1,035,424","1,025,659","1,017,508","900,578","867,853","798,568","644,174","548,247","531,471","242,200","298,496","372,714"
,Microscopy positive,"1,233","1,130",842,499,666,551,596,765,836,641,369,275,215
,RDT examined,,,,,,7,6,6,,161,,,"3,471"
,RDT positive,,,,,,7,6,6,,3,,,29
,Imported cases,7,6,9,4,10,34,45,29,23,22,10,31,77
,Relapse cases,0,0,0,0,0,0,0,5,10,1,2,2,3
Nicaragua2,Suspected cases,"554,414","536,105","552,722","539,022","605,357","604,418","554,415","663,132",831’077**,"1,029,288","947,451","1,158,806","1,616,617"
,Presumed and confirmed,692,925,"1,235","1,196","1,163","2,308","6,284","10,952",15’934^,"13,226","31,763","23,323",16158+
,Confirmed,692,925,"1,235","1,196","1,163","2,308","6,284","10,952",15’934^,"13,226","25,530","23,323",16158+
,Microscopy examined,"535,914","521,904","536,278","519,993","605,357","604,418","553,615","660,452","831,077","1,001,225","884,821","1,158,806",
,Microscopy positive,692,925,"1,235","1,196","1,163","2,308","6,284","10,952","15,934","12,337","18,799","16,684","10,361"
,RDT examined,"18,500","14,201","16,444","19,029",,,800,"2,680","44,905","28,063","56,397",,
,RDT positive,,,,,,,,,"2,885",889,"6,731","6,639","5,747"
,Imported cases,,,,34,21,29,12,3,17,26,25,64,50
Panama2,Suspected cases,"141,038","116,588","107,711","93,624","80,701","64,511","50,772",38’270**,23’383**,"22,171","14,809",18’779**,44’785**
,Presumed and confirmed,418,354,844,705,874,562^‡,811^‡,689^,715^,1’597++,2’206*++,4’364‡,7’173^
,Confirmed,418,354,844,705,874,562^‡,811^‡,689^,715^,1’597++,2’206*++,4’364‡,7’173^
,Microscopy examined,"141,038","116,588","107,711","93,624","80,701","64,511","50,772","38,270","23,383","18,217","7,027","6,105","25,732"
,Microscopy positive,418,354,844,705,874,562,811,689,715,"1,209","1,358",649,628
,RDT examined,,,,,,,,829,"1,141","3,954","7,782","17,239","29,319"
,RDT positive,,,,,,3,5,689,424,388,"2,109","4,253","6,800"
,Imported cases,,,,9,10,16,42,40,31,15,10,7,31
,Relapse cases,,,,0,0,0,0,0,0,130,135,192,467
"Paraguay1,2,3",Suspected cases,"62,178","48,611","31,499","24,806","24,832",6’687**,3’192**,8’014**,,"11,415","11,221",11’073**,11’183**
,Presumed and confirmed,29,10,15,11,8,8^,10^,5^,0,2,1,4^,3^
,Confirmed,29,10,15,11,8,8^,10^,5^,0,2,1,4^,3^
,Microscopy examined,"62,178","48,611","31,499","24,806","24,832","6,687","3,192","8,014",,"11,336","11,196","11,073","11,183"
,Microscopy positive,29,10,15,11,8,8,10,5,0,1,1,4,3
,RDT examined,,,,,,10,1,"1,267",,79,25,153,49
,RDT positive,,,,,,1,1,2,,1,0,3,3
,Imported cases,9,9,15,11,8,8,10,5,0,2,1,4,3
Peru2,Suspected cases,744’627**,702’894**,758’723**,863’790**,864’413**,865’980**,"566,230",388’699**,304’785**,"243,240",,"412,933","279,778"
,Presumed and confirmed,31’545‡,25’005‡,"31,436","48,719","65,252",66’609‡,"56,671",55’367‡,45’619‡,"24,483","15,847","18,140","27,785"
,Confirmed,31’545‡,25’005‡,"31,436","48,719","65,252",66’609‡,"56,671",55’367‡,45’619‡,"24,483","15,847","18,140","27,785"
,Microscopy examined,"744,627","702,894","758,723","863,790","864,413","865,980","566,230","388,699","304,785","243,240",,"412,933","278,546"
,Microscopy positive,"31,545","25,005","31,436","48,719","65,252","66,609","56,671","55,367","45,619","24,483","15,847","18,140","26,553"
,RDT examined,23,58,562,858,"1,634","18,133",,"13,924","160,000",,,,"1,232"
,RDT positive,1,34,,,,463,,"2,325","1,000",,,,"1,232"
,Imported cases,,,,,,,48,57,176,159,25,65,0
"Suriname2,3",Suspected cases,"17,902","16,160","22,134","19,736","33,097","15,236","23,444","22,302","19,836","20,743",14’057**,16’597**,11’466**
,Presumed and confirmed,1’771+‡,795+‡,569+‡,729,401,376,332,551^‡,235,215,244^,77^,61^
,Confirmed,1’771+‡,795+‡,569+‡,729,401,376,332,551^‡,235,215,244^,77^,61^
,Microscopy examined,"16,533","15,135","17,464","13,693","17,608","15,083","14,946","12,536","11,799","13,702","13,798","16,592","11,445"
,Microscopy positive,"1,574",751,306,530,98,345,321,412,218,209,238,77,51
,RDT examined,"1,369","1,025","4,670","6,043","15,489",153,"8,498","9,766","8,037","7,041","14,043","16,513","11,433"
,RDT positive,190,20,248,199,303,31,11,160,17,6,6,76,10
,Imported cases,,,,204,,295,251,414,198,111,88,53,60
,Relapse cases,,,,,,0,3,0,7,0,3,0,0
Venezuela (Bolivarian Republic of)2,Suspected cases,"400,495","382,303","410,663","476,764","522,617","625,174","852,556","1,144,635","699,130","1,104,736","725,591","600,242","553,872"
,Presumed and confirmed,"45,155","45,824","52,803","80,320","91,918","137,996","301,466","525,897",522059+,492753+,232’757*,"194,057",151’458*
,Confirmed,"45,155","45,824","52,803","80,320","91,918","137,996","301,466","525,897",522059+,492753+,232’757*,"194,057",151’458*
,Microscopy examined,"400,495","382,303","410,663","476,764","522,617","625,174","852,556","1,144,635","699,130","1,040,683","655,707","342,616","283,790"
,Microscopy positive,"45,155","45,824","52,803","80,320","91,918","137,996","301,466","525,897","404,924","398,285","197,466","113,863","81,002"
,RDT examined,,,,,,,,,,"64,053","69,884","257,626","270,082"
,RDT positive,,,,,,,,,"48,117","64,053","69,884","80,194","70,456"
,Imported cases,,,,"1,677","1,210","1,594","1,948","2,941","2,125","1,848","1,356",829,"1,544"
,Relapse cases,,,,,,,"58,390","111,360","106,886","87,029","31,308","12,806","14,274"
Afghanistan,Suspected cases,"865,181","936,252","847,933","817,606","881,515","939,964","1,055,368","1,143,511","1,240,523","1,008,487","943,267","917,108","954,750"
,Presumed and confirmed,"392,864","482,748","391,365","326,593","317,608","383,008","436,017","413,536","299,863","174,894","105,445","86,370","125,788"
,Confirmed,"69,798","77,549","54,840","52,965","106,478","119,859","241,233","313,086","248,689","173,860","105,295","86,263","125,620"
,Microscopy examined,"524,523","531,053","511,408","507,145","514,466","538,789","598,556","611,904","665,200","561,160","449,875","483,806","596,883"
,Microscopy positive,"69,397","77,549","54,840","46,114","83,920","103,377","151,528","194,866","104,960","71,389","38,923","35,149","59,891"
,RDT examined,"17,592",,,"36,833","155,919","138,026","262,028","431,157","524,149","446,293","389,994","433,195","357,699"
,RDT positive,401,,,"6,851","22,558","16,482","89,705","118,220","143,729","102,471","66,372","51,114","65,729"
Djibouti,Suspected cases,,354,"1,412","7,189","39,284","10,586","19,492","75,594","104,800","214,101",268’147**,"218,591","213,680"
,Presumed and confirmed,"1,010",230,27,"1,684","9,439","9,557","13,822","14,810","25,319",49’402*,"73,535","58,916","40,648"
,Confirmed,"1,010",,25,"1,684","9,439","9,473","13,822","14,810","25,319",49’402*,"73,535","58,916","40,648"
,Microscopy examined,,124,"1,410","7,189","39,284","10,502","19,492","24,504",,,"42,250","50,157","49,837"
,Microscopy positive,"1,010",,22,"1,684","9,439","1,764","2,280","1,283",,,"11,633","13,210","10,084"
,RDT examined,,,,,,,,"51,090","104,800","214,101","268,147","168,434","163,843"
,RDT positive,,,3,,,"7,709","11,542","13,527","25,319","49,402","73,535","45,706","30,564"
Iran (Islamic Republic of)2,Suspected cases,"614,817","530,470","479,655","385,172","468,513","610,337","418,125","383,397",477’914**,455’855**,"388,232",275’419**,604’963**
,Presumed and confirmed,"3,031","3,239","1,629","1,374","1,243",799,705,939,625‡,"1,190",1’051^,999,"5,677"
,Confirmed,"3,031","3,239","1,629","1,374","1,243",799,705,939,625‡,"1,190",1’051^,999,"5,677"
,Microscopy examined,"614,817","530,470","479,655","385,172","468,513","610,337","418,125","383,397","477,914","454,322","334,861","275,419","568,492"
,Microscopy positive,"3,031","3,239","1,629","1,374","1,243",799,705,939,625,"1,190","1,046",994,"5,665"
,RDT examined,,,,,,,,,"64,061","101,803","53,371","25,025","39,223"
,RDT positive,,,,,,,,,436,"1,089",516,5,"2,229"
,Imported cases,"1,184","1,529",842,853,867,632,611,868,602,"1,107",878,821,"4,238"
,Relapse cases,,,19,14,11,2,3,0,3,0,2,0,0
Pakistan,Suspected cases,"8,601,835","8,418,570","8,902,947","7,682,166","8,375,256","8,943,120","8,216,519","8,200,987","7,226,725","8,157,351","7,172,956","7,789,443","13,051,047"
,Presumed and confirmed,"4,281,356","4,065,802","4,285,449","3,465,620","3,655,975","3,778,090","2,126,497","2,209,708","1,069,052","413,533","372,416","400,316","1,824,844"
,Confirmed,"240,591","334,589","290,781","274,648","264,867","203,859","329,005","369,817","374,510","413,533","371,828","399,097","1,824,396"
,Microscopy examined,"4,281,346","4,168,648","4,497,330","3,786,216","4,179,468","4,620,326","5,091,840","4,539,957","4,324,570","4,855,044","3,607,265","4,231,801","6,742,977"
,Microscopy positive,"220,870","287,592","250,526","183,091","183,180","138,130","157,554","132,580","119,099","125,804","83,859","86,319","474,654"
,RDT examined,"279,724","518,709","410,949","704,978","804,680","748,563","1,327,187","1,821,139","2,207,613","3,302,307","3,564,489","3,556,423","6,307,622"
,RDT positive,"19,721","46,997","40,255","91,557","81,687","65,729","171,451","237,237","255,411","287,729","287,969","312,778","1,349,742"
"Saudi Arabia2,3",Suspected cases,"944,723","1,062,827","1,186,179","1,309,783","1,249,752","1,306,700","1,267,933","1,073,998","1,015,953",1’118’706**,703’048**,"642,818","764,822"
,Presumed and confirmed,"1,941","2,788","3,406","2,513","2,305","2,620","5,382","3,151","2,711",2’152‡,"3,658",2’616^,"4,319"
,Confirmed,"1,941","2,788","3,406","2,513","2,305","2,620","5,382","3,151","2,711",2’152‡,"3,658",2’616^,"4,319"
,Microscopy examined,"944,723","1,062,827","1,186,179","1,309,783","1,249,752","1,306,700","1,267,933","1,073,998","1,015,953","1,118,706","403,972","429,910","206,975"
,Microscopy positive,"1,941","2,788","3,406","2,513","2,305","2,620","5,382","3,151","2,711","2,152","3,658","1,091","2,608"
,RDT examined,,,,,,,,,,"1,118,706","399,076","212,908","557,847"
,RDT positive,,,,,,,,,,"2,152","3,205","1,525","1,711"
,Imported cases,"1,912","2,719","3,324","2,479","2,254","2,537","5,110","2,974","2,517","2,029","3,453","2,470","4,045"
Somalia,Suspected cases,"223,981","99,403","53,658","88,734","92,103","119,008","205,753","228,912","253,220",332’935**,"337,965","376,167","348,740"
,Presumed and confirmed,"24,833","41,167","23,202",9’135^,"26,419","39,169","58,021","37,156","31,030",65’375‡,27’333*,"50,648",23’450*
,Confirmed,"24,833","3,351","6,817",7’407^,"11,246","20,953","35,628","35,138","31,021",39’687‡,27’333*,"12,967",11’550*
,Microscopy examined,"20,593","26,351",,"19,542","12,450",,,,,"59,494",,"32,175","25,182"
,Microscopy positive,"5,629","1,627",,841,245,,,,,"11,615",,"4,463","4,174"
,RDT examined,"203,388","35,236","37,273","67,464","64,480","100,792","183,360","226,894","253,211","332,935","337,965","298,929","311,658"
,RDT positive,"19,204","1,724","6,817","7,407","11,001","20,953","35,628","35,138","31,021","39,687","27,333","8,504","7,376"
Sudan,Suspected cases,"2,398,239","2,929,578","2,438,467","2,197,563",,"4,101,841","4,199,740","3,691,112","9,760,505","7,642,050","8,211,933","8,145,586","7,957,950"
,Presumed and confirmed,"1,465,496","1,214,004","964,698","989,946","1,207,771","1,102,186","897,194","1,642,058","3,627,586","3,568,941","3,412,499","3,960,655",3’768’163*
,Confirmed,"720,557","506,806","526,931","592,383","1,068,506","586,827","566,015","800,116","1,648,683","1,752,011","1,698,394","1,647,745",1’355’789*
,Microscopy examined,,,,,,"3,586,482","3,236,118","2,426,329","6,668,355","4,797,856","5,568,277","4,742,722","4,665,151"
,Microscopy positive,"625,365","506,806","526,931","592,383","579,038","586,827","378,308","588,100","1,262,210","1,408,242","1,262,841","1,309,893","1,137,726"
,RDT examined,"1,653,300","2,222,380","2,000,700","1,800,000","788,281",,"632,443","422,841","1,113,247","1,027,264","929,551","1,056,085","823,287"
,RDT positive,"95,192",,,,"489,468",,"187,707","212,016","386,473","343,769","435,553","337,852","218,063"
Yemen,Suspected cases,"835,018","804,401","888,952","927,821","821,618","711,680","1,217,602","1,659,798","779,312","1,283,681",1’280’190**,"1,573,986","1,592,228"
,Presumed and confirmed,"198,963","142,152","165,687","149,451","122,812","104,831","145,627","143,333","233,143","216,763","202,671","244,857","201,792"
,Confirmed,"106,697","90,954","112,359","102,778","86,707","76,259","99,700","143,333","157,900","165,899","164,066","180,339","155,127"
,Microscopy examined,"645,463","645,093","685,406","723,691","643,994","561,644","960,860","1,070,020","419,415","841,358","791,049","772,511","695,371"
,Microscopy positive,"78,269","60,751","71,300","63,484","51,768","42,052","45,886","28,936","64,233","104,350","97,008","83,436","62,281"
,RDT examined,"97,289","108,110","150,218","157,457","141,519","121,464","210,815","589,778","284,654","391,459","450,541","736,957","850,192"
,RDT positive,"28,428","30,203","41,059","39,294","34,939","34,207","53,814","114,397","93,667","61,549","67,058","96,903","92,846"
"Armenia1,2",Suspected cases,"31,026",,,,,"1,213",465,350,320,,121,,
,Presumed and confirmed,1,0,4,0,1,2,2,2,6,0,3,,2
,Confirmed,1,,4,0,1,2,2,2,6,,3,,
,Microscopy examined,"31,026",,,,,"1,213",465,350,320,,121,,
,Microscopy positive,1,,4,,1,2,2,2,6,,3,,
,Imported cases,1,,4,0,1,2,2,2,6,,3,,2
"Azerbaijan1,2",Suspected cases,"456,652","449,168","497,040","432,810","399,925","405,416","465,860","373,562","358,009",,,,
,Presumed and confirmed,52,8,4,4,2,1,1,1,2,0,0,0,1
,Confirmed,52,8,4,4,2,1,1,1,2,0,0,,
,Microscopy examined,"456,652","449,168","497,040","432,810","399,925","405,416","465,860","373,562","358,009",,,,
,Microscopy positive,52,8,4,4,2,1,1,1,2,0,,,
,Imported cases,2,4,1,4,2,1,1,1,2,0,0,0,1
Georgia2,Suspected cases,"2,368","2,032","1,046",192,440,294,318,416,286,335,237,,
,Presumed and confirmed,0,6,5,7,5,6,7,9,9,8,4,0,
,Confirmed,0,6,5,7,5,6,7,9,9,8,4,,
,Microscopy examined,"2,368","2,032","1,046",192,440,294,318,416,286,335,237,,
,Microscopy positive,0,6,5,7,5,6,7,9,9,8,4,,
,Imported cases,0,5,4,7,5,5,7,8,9,8,4,,
"Kyrgyzstan1,2",Suspected cases,"30,190","27,850","18,268","54,249","35,600","75,688","62,537","8,459","7,709","46,384","18,717",,
,Presumed and confirmed,6,5,3,4,0,1,6,2,0,1,0,0,
,Confirmed,6,5,3,4,0,1,6,2,0,1,0,,
,Microscopy examined,"30,190","27,850","18,268","54,249","35,600","75,688","62,537","8,459","7,709","46,384","18,717",,
,Microscopy positive,6,5,3,4,0,1,6,2,0,1,0,,
,RDT examined,,,,,,0,0,0,,,,,
,RDT positive,,,,,,0,0,0,,,,,
,Imported cases,3,5,3,4,0,1,6,2,0,1,0,,
"Tajikistan1,2",Suspected cases,"173,523","173,367","209,239","213,916","200,241",188’341**,198’766**,191’284**,,"209,830","159,124",,
,Presumed and confirmed,116,100,54,25,7,4^,1^,3^,0,3,0,0,1
,Confirmed,116,100,54,25,7,4^,1^,3^,,3,0,,
,Microscopy examined,"173,523","173,367","209,239","213,916","200,241","188,341","198,766","191,284",,"207,821","159,124",,
,Microscopy positive,116,100,54,25,7,4,1,3,,3,0,,
,RDT examined,,,,,,"42,056","34,570","41,218",,"2,009",,,
,RDT positive,,,,,,4,1,3,,,,,
,Imported cases,4,22,11,10,5,4,1,3,,3,0,0,1
Turkey2,Suspected cases,"507,841","421,295","337,830","255,125","189,854","211,740","144,499","115,557","95,877","59,429","54,586",,
,Presumed and confirmed,90,132,595,285,254,224,209,214,238,279,135,,
,Confirmed,90,132,595,285,254,224,209,214,238,279,135,,
,Microscopy examined,"507,841","421,295","337,830","255,125","189,854","211,740","144,499","115,557","95,877","59,429","54,586",,
,Microscopy positive,90,132,595,285,254,224,209,214,238,279,135,,
,Imported cases,81,128,376,251,249,221,208,214,237,277,133,,
"Turkmenistan1,2",Suspected cases,"81,784",,,,,"83,675","85,536","84,264","85,722","78,903","71,887",,
,Presumed and confirmed,0,0,0,0,0,0,0,0,0,3,0,0,
,Confirmed,0,0,0,0,0,0,0,0,0,3,0,,
,Microscopy examined,"81,784",,,,,"83,675","85,536","84,264","85,722","78,903","71,887",,
,Microscopy positive,,,,,,,,,0,3,0,,
,Imported cases,0,0,0,0,0,0,0,0,0,3,0,,
"Uzbekistan1,2",Suspected cases,"921,364","886,243","805,761","908,301","812,347","800,912","797,472","655,112","650,616","669,373","552,458",,
,Presumed and confirmed,6,1,1,3,1,0,0,0,0,1,2,0,
,Confirmed,6,1,1,3,1,0,0,0,0,1,2,,
,Microscopy examined,"921,364","886,243","805,761","908,301","812,347","800,912","797,472","655,112","650,616","669,373","552,458",,
,Microscopy positive,6,1,1,3,1,0,0,0,0,1,2,,
,Imported cases,2,1,1,3,1,0,0,0,0,1,2,,
Bangladesh2,Suspected cases,"467,767","390,930","372,806","418,755","630,181","786,830","993,589","986,442","1,300,691","1,507,230","1,416,473","1,470,849","1,632,840"
,Presumed and confirmed,"62,378","52,601","29,518","26,891","57,480","39,719","27,737","29,247","10,523","17,225","6,130","7,294","18,246"
,Confirmed,"55,873","51,773","29,518","26,891","57,480","39,719","27,737","29,247","10,523","17,225","6,130","7,294","18,246"
,Microscopy examined,"308,326","270,253","253,887","290,496","418,519","527,659","573,540","613,304","800,251","750,657","611,307","370,589","460,668"
,Microscopy positive,"20,519","20,232","9,901","7,303","13,628","6,621","3,217","3,325","1,135","1,311",262,458,906
,RDT examined,"152,936","119,849","118,919","128,259","211,662","259,171","420,049","373,138","500,440","756,573","805,166","1,100,260","1,172,172"
,RDT positive,"35,354","31,541","19,617","19,588","43,852","33,098","24,520","25,922","9,388","15,914","5,868","6,836","17,340"
,Imported cases,,,,,,129,109,19,41,6,2,6,13
"Bhutan2,3",Suspected cases,"54,760","44,494","42,512","31,632","33,586","74,087","118,841","120,667","133,498","119,975","31,522","25,510","42,205"
,Presumed and confirmed,487,207,82,45,48,104,74,51^,54,42^,54,23,6
,Confirmed,436,194,82,45,48,104,74,51^,54,42^,54,23,6
,Microscopy examined,"54,709","44,481","42,512","31,632","33,586","26,149","23,442","22,885","19,778","18,973","6,246","8,742","12,146"
,Microscopy positive,436,194,82,45,48,84,59,51,49,38,46,23,6
,RDT examined,,,,,,"47,938","95,399","97,782","113,720","101,002","25,276","16,768","30,059"
,RDT positive,,,,,,20,15,11,5,37,8,0,0
,Imported cases,,,0,23,34,70,56,38,34,30,9,13,3
,Relapse cases,,,0,,0,0,0,0,0,0,0,1,0
Democratic People's Republic of Korea,Suspected cases,"27,019","27,857","40,925","72,719","38,878","91,007","205,807","189,357","685,704","461,998","357,778","45,711","378,989"
,Presumed and confirmed,"15,392","18,104","23,537","15,673","11,212","7,409","5,113","4,626","3,698","1,869","1,819","2,357","2,136"
,Confirmed,"13,520","16,760","21,850","14,407","10,535","7,022","5,033","4,603","3,698","1,869","1,819","2,357","2,136"
,Microscopy examined,"25,147","26,513","39,238","71,453","38,201","29,272","22,747","16,835","28,654","3,255","3,681","45,711","11,673"
,Microscopy positive,"13,520","16,760","21,850","14,407","10,535","7,010","4,890","4,463","3,446",886,"1,162","2,357","2,056"
,RDT examined,,,,,,"61,348","182,980","172,499","657,050","458,743","354,097",0,"367,316"
,RDT positive,,,,,,12,143,140,252,983,657,0,80
,Imported cases,,,,,,,,,,,,,0
India,Suspected cases,"119,279,429","119,470,044","122,170,278","127,891,198","138,628,331","140,841,230","144,539,608","125,977,799","124,613,482","134,230,349","97,177,024","114,400,959","152,523,919"
,Presumed and confirmed,"1,599,986","1,310,656","1,067,824","881,730","1,102,205","1,169,261","1,087,285","844,558","429,928","338,494","186,532","161,753","176,522"
,Confirmed,"1,599,986","1,310,656","1,067,824","881,730","1,102,205","1,169,261","1,087,285","844,558","429,928","338,494","186,532","161,753","176,522"
,Microscopy examined,"108,679,429","108,969,660","109,044,798","113,109,094","124,066,331","121,141,970","124,933,348","110,769,742","111,123,775","113,969,785","73,294,318","87,951,904","117,785,803"
,Microscopy positive,"1,599,986","1,310,656","1,067,824","881,730","1,102,205","1,169,261","1,087,285","306,768","230,432","132,750","65,468","67,604","75,222"
,RDT examined,"10,600,000","10,500,384","13,125,480","14,782,104","14,562,000","19,699,260","19,606,260","15,208,057","13,489,707","20,260,564","23,882,706","26,440,073","34,264,089"
,RDT positive,,,,,,,,"537,790","199,496","205,744","121,064","94,149","101,300"
"Indonesia2,6",Suspected cases,"1,591,179","1,212,799","1,900,725","1,708,161","1,550,296","1,567,450","1,457,858","1,441,679","1,700,094","2,491,516","1,940,676","2,128,771","3,395,811"
,Presumed and confirmed,"465,764","422,447","417,819","343,527","252,027","217,025","218,450","261,617","222,345","250,646","254,055","304,607","443,530"
,Confirmed,"465,764","422,447","417,819","343,527","252,027","217,025","218,450","261,617","222,345","250,646","254,055","304,607","443,530"
,Microscopy examined,"1,335,445","962,090","1,429,139","1,447,980","1,300,835","1,224,504","1,092,093","1,045,994","1,322,026","1,899,437","1,367,987","1,399,683","1,743,771"
,Microscopy positive,"465,764","422,447","417,819","343,527","252,027","217,025","218,450","261,617","190,782","212,997","192,769","216,744","293,356"
,RDT examined,"255,734","250,709","471,586","260,181","249,461","342,946","365,765","395,685","378,068","592,079","516,167","640,609","1,612,968"
,RDT positive,,,,,,,,,"31,563","37,649","61,286","87,863","150,174"
,Imported cases,,,,,,,,,11,61,38,27,67
Myanmar2,Suspected cases,"1,277,568","1,210,465","1,424,004","1,300,556","1,567,095","2,657,555","3,185,245","3,368,697","3,183,758",3’708’802**,3’665’239**,1’958’385**,2’660’341**
,Presumed and confirmed,"693,124","567,452","481,242","333,871","205,658",182’465^,"110,146","85,019","76,518",56’414^,"58,836",79’001^,157’538^
,Confirmed,"420,808","465,294","481,204","333,871","205,658",182’465^,"110,146","85,019","76,518",56’414^,"58,836",79’001^,157’538^
,Microscopy examined,"275,374","312,689","265,135","138,473","151,258","98,014","122,078","107,242","58,126","50,902","57,950","43,929","128,630"
,Microscopy positive,"103,285","91,752","75,220","26,509","12,010","6,453","6,717","4,648","2,577","1,054","2,167","2,669","5,399"
,RDT examined,"729,878","795,618","1,158,831","1,162,083","1,415,837","2,559,541","3,063,167","3,261,455","3,125,632","3,666,973","3,627,732","1,919,075","2,546,083"
,RDT positive,"317,523","373,542","405,984","307,362","193,648","176,163","103,429","80,371","73,941","55,590","57,009","76,377","153,071"
,Imported cases,,,,,,,,,,,9,1,5
,Relapse cases,,,,,,,,,,,140,12,65
Nepal2,Suspected cases,"213,353","188,702","276,752","168,687","200,631","131,654","146,705",165’640**,"256,020","224,726","158,776",159’912**,"371,296"
,Presumed and confirmed,"96,383","71,752","71,410","37,336","26,556",19’171^,"10,687",3’610^,"3,031",710,430,373^,512
,Confirmed,"3,894","3,414","3,230","1,974","1,499",1’112^,"1,009",1’293^,"1,293",710,430,373^,512
,Microscopy examined,"102,977","95,011","152,780","100,336","127,130","63,946","84,595","163,323","160,904","92,367","31,304","24,221","82,917"
,Microscopy positive,"3,115","1,910","1,659","1,197","1,499","1,112","1,009","1,293","1,158",102,29,18,404
,RDT examined,"17,887","25,353","55,792","32,989","48,444","49,649","52,432","97,870","93,378","131,631","127,228","159,635","287,974"
,RDT positive,779,"1,504","1,571",777,,725,,449,135,608,401,373,108
,Imported cases,,"1,079","1,026",,667,521,502,670,539,579,357,359,476
"Sri Lanka1,2",Suspected cases,"1,001,107","985,060","957,155","1,249,846","1,078,884","1,157,366","1,090,743","1,104,333","1,149,897",1’164’914**,"820,210","680,386","808,827"
,Presumed and confirmed,736,175,93,95,49,36,41,57,52,54^,30,26,37
,Confirmed,736,175,93,95,49,36,41,57,52,54^,30,26,37
,Microscopy examined,"1,001,107","985,060","948,250","1,236,580","1,069,817","1,142,466","1,072,396","1,089,290","1,129,070","1,164,914","810,205","673,744","795,287"
,Microscopy positive,736,175,74,93,45,35,40,57,52,54,30,26,37
,RDT examined,,,"8,905","13,266","9,067","14,900","18,347","15,043","20,827","20,745","10,005","6,642","13,540"
,RDT positive,,,19,2,4,1,1,,0,2,0,0,0
,Imported cases,52,51,70,95,49,36,41,57,48,53,30,25,37
"Thailand2,6",Suspected cases,"1,777,977","1,450,885","1,272,324","1,927,585","1,833,061","1,537,430","1,619,174","1,268,976","976,482","937,053","800,012","651,385","674,142"
,Presumed and confirmed,"32,480","24,897","46,895","41,602","41,218","27,385","17,800","11,440","6,750","5,421","3,940","3,279","10,154"
,Confirmed,"32,480","24,897","46,895","41,602","41,218","27,385","17,800","11,440","6,750","5,421","3,940","3,279","10,154"
,Microscopy examined,"1,695,980","1,354,215","1,130,757","1,830,090","1,756,528","1,358,953","1,302,834","1,117,648","908,540","856,893","716,060","546,749","558,021"
,Microscopy positive,"22,969","14,478","32,569","33,302","37,921","17,980","11,301","7,154","5,171","4,170","2,792","2,227","6,994"
,RDT examined,"81,997","96,670","141,567","97,495","76,533","178,477","316,340","151,328","67,942","80,160","83,952","104,636","116,121"
,RDT positive,"9,511","10,419","14,326","8,300","3,297","9,405","6,499","4,286","1,579","1,251","1,148","1,052","3,160"
,Imported cases,,,,,,"9,890","5,724","4,020","1,618","1,342",798,800,"3,726"
,Relapse cases,,,,,,0,0,,,,0,1,57
"Timor-Leste2,3",Suspected cases,,"143,690","118,120","122,008","86,597","90,818","114,383","115,008","144,061","217,129",103’614**,122’955**,"166,167"
,Presumed and confirmed,"119,074","36,153","6,148","1,042",347,80,95,30,8,9,14‡,0,2
,Confirmed,"48,139","19,735","5,208","1,025",342,80,94,30,8,9,14‡,0,2
,Microscopy examined,,,,,,,,,,,"35,256","27,731","31,767"
,Microscopy positive,,,,,,,,,,,14,0,2
,RDT examined,"48,042","127,272","117,180","121,991","86,592","90,818","114,382","115,008","144,061","217,129","103,614","122,955","134,400"
,RDT positive,"48,139","19,735","5,208","1,025",342,80,94,30,8,9,3,0,0
,Imported cases,,,,,,,10,13,7,9,7,0,2
,Relapse cases,,,,,,,1,1,0,0,0,0,0
"Cambodia2,5",Suspected cases,"411,104","356,606","300,344","207,483","356,027","332,613","298,108","376,702","282,295","596,009","790,800","832,846","974,311"
,Presumed and confirmed,"181,857","106,905","74,628","46,890","70,304","68,109","43,380","76,804","62,582","32,197","9,964","4,382","4,053"
,Confirmed,"96,464","106,905","69,551","44,069","69,178","68,109","43,380","76,804","62,582","32,197","9,964","4,382","4,053"
,Microscopy examined,"90,175","86,526","80,212","54,716","48,591","49,357","42,802","38,188","42,834","38,964","20,956","4,705","7,129"
,Microscopy positive,"14,277","13,792","10,124","4,598","5,288","7,423","3,695","5,908","8,318","2,635",693,235,399
,RDT examined,"235,536","270,080","215,055","149,946","306,310","283,256","255,306","338,514","239,461","557,045","769,844","828,141","967,182"
,RDT positive,"82,187","93,113","59,427","39,471","63,890","60,686","39,685","70,896","54,264","29,562","9,271","4,147","3,654"
,Imported cases,,,,,,,,,,1,2,0,6
,Relapse cases,,,,,,,,,,0,0,"1,978","1,609"
"China1,2,3",Suspected cases,"7,118,649","9,190,401","6,918,770","5,555,001","4,403,633","4,052,616","3,194,915","2,409,286","1,904,290","1,680,801","1,274,340",,
,Presumed and confirmed,"9,973","4,498","2,716","4,246","3,080","3,279","3,151","2,672","2,511","2,487","1,051",,820
,Confirmed,"7,108","3,367","2,603","4,205","3,080","3,251","3,151","2,666","2,511","2,482","1,051",,820
,Microscopy examined,"7,115,784","9,189,270","6,918,657","5,554,960","4,403,633","4,052,588","3,194,915","2,409,280","1,904,290","1,680,796","1,274,340",,
,Microscopy positive,"7,108","3,367","2,603","4,205","3,080","3,251","3,151","2,666","2,511","2,482","1,051",,820
,Imported cases,"2,118","2,059","2,399","4,051","3,026","3,212","3,149","2,663","2,511","2,486","1,050",,819
Lao People's Democratic Republic2,Suspected cases,"340,119","244,956","336,783","359,143","313,859","284,361","240,505","234,365","287,984","567,650","576,026","643,583","844,865"
,Presumed and confirmed,"22,879","17,532","46,153","39,589","50,674","36,078","15,509","8,435","9,038","6,692","3,498","3,926","2,340"
,Confirmed,"22,879","17,532","46,153","39,589","50,674","36,078","15,509","8,435","9,038","6,692","3,498","3,926","2,340"
,Microscopy examined,"212,202","167,125","192,594","225,795","153,198","133,363","113,198","116,343","89,811","128,387","87,957","63,095","67,534"
,Microscopy positive,"6,619","6,223","13,206","11,487","10,629","6,198","2,367","1,575","1,093",898,297,185,64
,RDT examined,"127,917","77,831","144,189","133,348","160,661","150,998","127,307","118,022","198,173","439,263","488,069","580,488","777,331"
,RDT positive,"16,260","11,309","32,947","28,102","40,045","29,880","13,142","6,860","7,945","5,794","3,201","3,741","2,276"
,Imported cases,,,,,,,,,0,0,4,28,59
,Relapse cases,,,,,,,,,2,0,0,0,5
"Malaysia2,36",Suspected cases,"1,619,074","1,600,439","1,566,872","1,576,012","1,443,958","1,066,470","1,153,108","1,046,163","1,070,356","1,072,252","901,799","519,557","866,447"
,Presumed and confirmed,"6,650","5,306","4,725","3,850","3,923","2,311","2,302","4,114","4,630","3,941","2,839","3,688","2,807"
,Confirmed,"6,650","5,306","4,725","3,850","3,923","2,311","2,302","4,114","4,630","3,941","2,839","3,688","2,807"
,Microscopy examined,"1,619,074","1,600,439","1,566,872","1,576,012","1,443,958","1,066,470","1,153,108","1,046,163","1,070,356","1,072,252","901,799","519,557","866,447"
,Microscopy positive,"6,650","5,306","4,725","3,850","3,923","2,311","2,302","4,114","4,630","3,941","2,839","3,688","2,807"
,Imported cases,831,"1,142",924,865,766,435,428,423,485,630,177,111,291
,Relapse cases,,,,32,0,,0,0,0,0,0,0,0
Papua New Guinea,Suspected cases,"1,505,393","1,279,140","1,113,528","1,520,167","1,015,615","996,660","1,246,456","1,432,082","1,513,776","1,279,574","1,589,675","1,473,179","1,766,390"
,Presumed and confirmed,"1,379,787","1,151,343","878,371","1,176,874","707,716","620,785","785,120","892,235","940,693","646,648","932,973","755,598","1,022,780"
,Confirmed,"93,956","84,060","150,195","316,125","314,036","346,431","534,819","488,878","516,249","646,648","750,254","651,963","899,510"
,Microscopy examined,"198,742","184,466","156,495","139,972","83,257","112,864","146,242","139,910","121,766","72,636","50,564","48,691","51,533"
,Microscopy positive,"75,985","70,603","67,202","70,658","68,118","64,719","80,472","70,449","59,652","39,684","26,925","20,632","21,355"
,RDT examined,"20,820","27,391","228,857","519,446","538,678","609,442","849,913","888,815","967,566","1,206,938","1,356,392","1,320,853","1,591,587"
,RDT positive,"17,971","13,457","82,993","245,467","245,918","281,712","454,347","418,429","456,597","606,964","723,329","631,331","878,155"
"Philippines2,6",Suspected cases,"314,788","329,665","360,126","353,823","339,319","315,010","321,848","398,759","443,997","343,174","235,560","222,002","290,324"
,Presumed and confirmed,"19,648","9,648","9,107","8,926","6,099","11,445","6,690","6,806","4,641","5,778","6,120","4,297","3,245"
,Confirmed,"19,102","9,583","8,086","7,720","6,087","11,410","6,680","6,806","4,641","5,778","6,120","4,297","3,245"
,Microscopy examined,"301,031","327,060","332,063","317,360","287,725","224,843","255,302","171,424","122,502","170,887","103,488","107,525","94,352"
,Microscopy positive,"18,560","9,552","7,133","5,826","3,618","5,694","2,860",889,569,"1,370","1,229",641,387
,RDT examined,"13,211","2,540","27,042","35,257","51,582","90,132","66,536","227,335","321,495","172,287","132,072","114,477","195,972"
,RDT positive,542,31,953,"1,894","2,469","5,716","3,820","5,917","4,072","4,408","4,891","3,656","2,858"
,Imported cases,,,,,68,85,55,69,82,95,26,35,34
,Relapse cases,,,,,,0,,0,0,1,3,1,0
Republic of Korea2,Suspected cases,,,,,,,673,515,576,559**,434,294**,444**
,Presumed and confirmed,"1,772",838,555,443,635,692^‡,673^‡,515^,576^,559‡,390,294^,428^
,Confirmed,"1,772",838,555,443,635,692^‡,673^‡,515^,576^,559‡,386,294^,428^
,Microscopy examined,,,,,,,673,515,576,559,386,294,440
,Microscopy positive,"1,772",838,555,443,635,692,673,515,576,559,386,294,421
,RDT examined,,,,,,,,,,94,,94,248
,RDT positive,,,,,,452,454,372,429,94,,94,245
,Imported cases,56,64,47,50,78,79,71,79,75,74,29,20,38
,Relapse cases,,,4,,,11,16,18,28,0,6,,8
Solomon Islands,Suspected cases,"284,931","254,506","249,520","245,014","233,803","192,044","274,881","238,814","244,523","271,754","240,199","253,419","271,037"
,Presumed and confirmed,"95,006","80,859","57,296","53,270","51,649","50,916","84,514","68,712","72,430","86,122","90,830","129,758","141,456"
,Confirmed,"39,704","26,657","24,383","25,609","18,404","23,998","54,432","52,519","59,191","72,767","77,637","84,139","100,995"
,Microscopy examined,"212,329","182,847","202,620","191,137","173,900","124,376","152,690","89,061","89,169","79,694","66,824","114,187","105,260"
,Microscopy positive,"35,373","23,202","21,904","21,540","13,865","14,793","26,187","15,978","17,825","18,239","19,621","45,185","42,041"
,RDT examined,"17,300","17,457","13,987","26,216","26,658","40,750","92,109","133,560","142,115","178,705","160,182","93,613","125,316"
,RDT positive,"4,331","3,455","2,479","4,069","4,539","9,205","28,245","36,541","41,366","54,528","58,016","38,954","58,954"
Vanuatu2,Suspected cases,"55,161","38,150","39,047","32,716","40,333","16,044","24,232","34,152","26,931","23,531","29,362","24,748","15,696"
,Presumed and confirmed,"20,982","7,263","4,812","2,883","1,314",845,"2,531","1,228",644,576,507,322,"1,143"
,Confirmed,"9,817","6,179","4,532","2,883","1,314",571,"2,252","1,228",644,576,507,322,"1,143"
,Microscopy examined,"29,180","19,183","16,981","15,219","18,135","4,870","6,704","9,187","5,935","4,596","2,941","1,564",695
,Microscopy positive,"4,013","2,077",733,767,190,15,225,120,53,26,22,34,0
,RDT examined,"14,816","17,883","21,786","17,497","22,198","10,900","17,249","24,965","20,996","11,318","26,421","23,184","15,001"
,RDT positive,"5,804","4,102","3,799","2,116","1,124",556,"2,027","1,108",591,550,485,288,"1,143"
,Imported cases,,,,,,,0,1,12,9,14,10,41
,Relapse cases,,,,,,,2,0,0,0,0,0,0
Viet Nam2,Suspected cases,"2,803,918","3,312,266","3,436,534","3,115,804","2,786,135","2,673,662","2,497,326","2,616,257",1’674’897**,1’969’919**,1’795’335**,"1,316,542","1,416,684"
,Presumed and confirmed,"54,297","45,588","43,717","35,406","27,868","19,252","10,446",8’411^,6’870^,"5,987","1,733",467,455
,Confirmed,"17,515","16,612","19,638","17,128","15,752","9,331","4,161",4’548^,4’813^,"4,765","1,422",467,455
,Microscopy examined,"2,760,119","2,791,917","2,897,730","2,684,996","2,357,536","2,204,409","2,082,986","2,009,233","1,674,897","1,914,379","1,521,490","852,340","1,182,837"
,Microscopy positive,"17,515","16,612","19,638","17,128","15,752","9,331","4,161","4,548","4,813","4,765","1,309",448,439
,RDT examined,"7,017","491,373","514,725","412,530","416,483","459,332","408,055","603,161","492,270","504,431","532,088","218,230","233,847"
,RDT positive,,,,,,,,"1,594","1,848","3,243","1,168",19,16
,Imported cases,,,,,,,,,"1,681","1,565",46,90,43