Country,Year,Population
"Algeria1,2,3",2000,"1,807,701"
,2001,"1,832,745"
,2002,"1,857,634"
,2003,"1,882,962"
,2004,"1,909,648"
,2005,"1,935,875"
,2006,"1,963,976"
,2007,"1,996,210"
,2008,"2,030,617"
,2009,"2,067,415"
,2010,"2,106,201"
,2011,"2,146,567"
,2012,"2,188,685"
,2013,"2,232,156"
,2014,"2,276,772"
,2015,"2,322,764"
,2016,"2,369,532"
,2017,"2,416,360"
,2018,"2,462,792"
,2019,"2,508,513"
,2020,"2,552,350"
,2021,"2,595,013"
,2022,"2,637,615"
Angola,2000,"16,394,062"
,2001,"16,941,588"
,2002,"17,516,140"
,2003,"18,124,342"
,2004,"18,771,124"
,2005,"19,450,960"
,2006,"20,162,340"
,2007,"20,909,684"
,2008,"21,691,522"
,2009,"22,507,674"
,2010,"23,364,184"
,2011,"24,259,112"
,2012,"25,188,292"
,2013,"26,147,002"
,2014,"27,128,336"
,2015,"28,127,720"
,2016,"29,154,746"
,2017,"30,208,628"
,2018,"31,273,532"
,2019,"32,353,588"
,2020,"33,428,486"
,2021,"34,503,776"
,2022,"35,588,988"
Benin,2000,"6,998,023"
,2001,"7,212,041"
,2002,"7,431,783"
,2003,"7,659,208"
,2004,"7,894,554"
,2005,"8,149,419"
,2006,"8,402,631"
,2007,"8,647,761"
,2008,"8,906,469"
,2009,"9,172,514"
,2010,"9,445,710"
,2011,"9,726,380"
,2012,"10,014,078"
,2013,"10,308,730"
,2014,"10,614,844"
,2015,"10,932,783"
,2016,"11,260,085"
,2017,"11,596,779"
,2018,"11,940,683"
,2019,"12,290,444"
,2020,"12,643,123"
,2021,"12,996,895"
,2022,"13,352,864"
Botswana2,2000,"1,144,956"
,2001,"1,168,124"
,2002,"1,190,135"
,2003,"1,211,173"
,2004,"1,232,536"
,2005,"1,254,893"
,2006,"1,278,692"
,2007,"1,304,066"
,2008,"1,330,813"
,2009,"1,358,444"
,2010,"1,386,731"
,2011,"1,414,823"
,2012,"1,442,263"
,2013,"1,470,010"
,2014,"1,498,584"
,2015,"1,528,282"
,2016,"1,559,604"
,2017,"1,592,371"
,2018,"1,625,235"
,2019,"1,657,252"
,2020,"1,688,213"
,2021,"1,716,072"
,2022,"1,743,833"
Burkina Faso,2000,"11,882,888"
,2001,"12,249,764"
,2002,"12,632,269"
,2003,"13,030,591"
,2004,"13,445,977"
,2005,"13,876,127"
,2006,"14,316,242"
,2007,"14,757,074"
,2008,"15,197,915"
,2009,"15,650,022"
,2010,"16,116,845"
,2011,"16,602,651"
,2012,"17,113,732"
,2013,"17,636,408"
,2014,"18,169,842"
,2015,"18,718,020"
,2016,"19,275,498"
,2017,"19,835,858"
,2018,"20,392,724"
,2019,"20,951,640"
,2020,"21,522,626"
,2021,"22,100,684"
,2022,"22,673,762"
Burundi,2000,"6,307,659"
,2001,"6,465,729"
,2002,"6,648,938"
,2003,"6,860,846"
,2004,"7,120,496"
,2005,"7,388,874"
,2006,"7,658,190"
,2007,"7,944,609"
,2008,"8,278,109"
,2009,"8,709,366"
,2010,"9,126,605"
,2011,"9,455,733"
,2012,"9,795,479"
,2013,"10,149,577"
,2014,"10,494,913"
,2015,"10,727,148"
,2016,"10,903,327"
,2017,"11,155,593"
,2018,"11,493,472"
,2019,"11,874,838"
,2020,"12,220,227"
,2021,"12,551,213"
,2022,"12,889,576"
"Cabo Verde1,2",2000,"119,145"
,2001,"121,149"
,2002,"123,040"
,2003,"124,823"
,2004,"126,511"
,2005,"128,135"
,2006,"129,709"
,2007,"131,230"
,2008,"132,687"
,2009,"134,065"
,2010,"135,515"
,2011,"137,155"
,2012,"138,804"
,2013,"140,384"
,2014,"141,979"
,2015,"143,563"
,2016,"145,182"
,2017,"146,888"
,2018,"148,512"
,2019,"150,027"
,2020,"151,486"
,2021,"152,860"
,2022,"154,218"
Cameroon,2000,"15,091,594"
,2001,"15,493,253"
,2002,"15,914,033"
,2003,"16,354,326"
,2004,"16,809,408"
,2005,"17,275,172"
,2006,"17,751,332"
,2007,"18,251,866"
,2008,"18,777,080"
,2009,"19,319,274"
,2010,"19,878,036"
,2011,"20,448,872"
,2012,"21,032,684"
,2013,"21,632,850"
,2014,"22,299,584"
,2015,"23,012,646"
,2016,"23,711,630"
,2017,"24,393,180"
,2018,"25,076,748"
,2019,"25,782,340"
,2020,"26,491,088"
,2021,"27,198,628"
,2022,"27,914,536"
Central African Republic,2000,"3,759,170"
,2001,"3,844,773"
,2002,"3,930,648"
,2003,"4,026,841"
,2004,"4,115,138"
,2005,"4,208,834"
,2006,"4,294,352"
,2007,"4,375,569"
,2008,"4,467,233"
,2009,"4,564,540"
,2010,"4,660,067"
,2011,"4,732,022"
,2012,"4,773,306"
,2013,"4,802,428"
,2014,"4,798,734"
,2015,"4,819,333"
,2016,"4,904,177"
,2017,"4,996,741"
,2018,"5,094,780"
,2019,"5,209,324"
,2020,"5,343,020"
,2021,"5,457,154"
,2022,"5,579,144"
Chad,2000,"8,168,699"
,2001,"8,445,304"
,2002,"8,741,588"
,2003,"9,095,665"
,2004,"9,508,235"
,2005,"9,895,457"
,2006,"10,252,110"
,2007,"10,605,317"
,2008,"10,977,133"
,2009,"11,370,245"
,2010,"11,764,479"
,2011,"12,182,850"
,2012,"12,615,239"
,2013,"13,072,042"
,2014,"13,547,142"
,2015,"13,985,437"
,2016,"14,432,796"
,2017,"14,920,693"
,2018,"15,433,343"
,2019,"15,950,276"
,2020,"16,462,441"
,2021,"16,991,621"
,2022,"17,529,245"
Comoros1,2000,"536,758"
,2001,"547,741"
,2002,"559,047"
,2003,"570,130"
,2004,"581,154"
,2005,"592,683"
,2006,"604,658"
,2007,"616,899"
,2008,"629,470"
,2009,"642,493"
,2010,"656,024"
,2011,"670,071"
,2012,"684,553"
,2013,"699,393"
,2014,"714,612"
,2015,"730,216"
,2016,"746,232"
,2017,"761,664"
,2018,"776,313"
,2019,"790,986"
,2020,"806,166"
,2021,"821,625"
,2022,"836,774"
Congo,2000,"3,134,030"
,2001,"3,254,101"
,2002,"3,331,158"
,2003,"3,424,653"
,2004,"3,543,012"
,2005,"3,672,839"
,2006,"3,813,323"
,2007,"3,956,329"
,2008,"4,089,602"
,2009,"4,257,230"
,2010,"4,437,884"
,2011,"4,584,216"
,2012,"4,713,257"
,2013,"4,828,066"
,2014,"4,944,861"
,2015,"5,064,386"
,2016,"5,186,824"
,2017,"5,312,340"
,2018,"5,441,062"
,2019,"5,570,733"
,2020,"5,702,174"
,2021,"5,835,806"
,2022,"5,970,424"
Côte d’Ivoire,2000,"16,799,670"
,2001,"17,245,468"
,2002,"17,683,896"
,2003,"18,116,452"
,2004,"18,544,904"
,2005,"18,970,216"
,2006,"19,394,056"
,2007,"19,817,700"
,2008,"20,244,448"
,2009,"20,677,762"
,2010,"21,120,042"
,2011,"21,562,914"
,2012,"22,010,712"
,2013,"22,469,268"
,2014,"22,995,556"
,2015,"23,596,740"
,2016,"24,213,622"
,2017,"24,848,016"
,2018,"25,493,988"
,2019,"26,147,552"
,2020,"26,811,790"
,2021,"27,478,248"
,2022,"28,160,542"
Democratic Republic of the Congo,2000,"48,616,316"
,2001,"50,106,656"
,2002,"51,662,072"
,2003,"53,205,640"
,2004,"54,815,608"
,2005,"56,550,248"
,2006,"58,381,632"
,2007,"60,289,424"
,2008,"62,249,724"
,2009,"64,270,232"
,2010,"66,391,256"
,2011,"68,654,272"
,2012,"70,997,872"
,2013,"73,460,024"
,2014,"76,035,584"
,2015,"78,656,904"
,2016,"81,430,976"
,2017,"84,283,272"
,2018,"87,087,352"
,2019,"89,906,888"
,2020,"92,853,168"
,2021,"95,894,120"
,2022,"99,010,208"
Equatorial Guinea,2000,"684,977"
,2001,"719,270"
,2002,"754,115"
,2003,"789,681"
,2004,"826,355"
,2005,"864,726"
,2006,"905,418"
,2007,"948,814"
,2008,"994,971"
,2009,"1,043,686"
,2010,"1,094,524"
,2011,"1,144,588"
,2012,"1,193,636"
,2013,"1,243,941"
,2014,"1,295,183"
,2015,"1,346,973"
,2016,"1,398,927"
,2017,"1,450,694"
,2018,"1,502,091"
,2019,"1,553,031"
,2020,"1,596,049"
,2021,"1,634,466"
,2022,"1,674,908"
Eritrea,2000,"2,392,880"
,2001,"2,461,927"
,2002,"2,547,424"
,2003,"2,653,390"
,2004,"2,763,140"
,2005,"2,831,732"
,2006,"2,880,093"
,2007,"2,926,168"
,2008,"3,005,779"
,2009,"3,083,888"
,2010,"3,147,727"
,2011,"3,207,570"
,2012,"3,252,596"
,2013,"3,296,367"
,2014,"3,323,425"
,2015,"3,340,006"
,2016,"3,365,287"
,2017,"3,396,933"
,2018,"3,445,374"
,2019,"3,498,818"
,2020,"3,555,868"
,2021,"3,620,312"
,2022,"3,684,032"
"Eswatini1,2",2000,"288,538"
,2001,"291,590"
,2002,"294,226"
,2003,"296,463"
,2004,"298,413"
,2005,"300,128"
,2006,"301,765"
,2007,"303,522"
,2008,"305,163"
,2009,"306,568"
,2010,"307,977"
,2011,"309,503"
,2012,"311,204"
,2013,"313,129"
,2014,"315,242"
,2015,"317,502"
,2016,"319,906"
,2017,"322,389"
,2018,"324,919"
,2019,"327,491"
,2020,"330,583"
,2021,"333,835"
,2022,"336,467"
Ethiopia,2000,"45,581,670"
,2001,"46,932,871"
,2002,"48,329,786"
,2003,"49,754,811"
,2004,"51,204,696"
,2005,"52,679,556"
,2006,"54,189,912"
,2007,"55,757,405"
,2008,"57,362,830"
,2009,"58,993,797"
,2010,"60,681,698"
,2011,"62,436,191"
,2012,"64,226,870"
,2013,"66,017,370"
,2014,"67,827,802"
,2015,"69,680,889"
,2016,"71,599,397"
,2017,"73,574,607"
,2018,"75,568,019"
,2019,"77,602,002"
,2020,"79,689,820"
,2021,"81,792,456"
,2022,"83,898,345"
Gabon,2000,"1,272,935"
,2001,"1,306,590"
,2002,"1,341,696"
,2003,"1,378,398"
,2004,"1,417,110"
,2005,"1,458,353"
,2006,"1,502,534"
,2007,"1,549,774"
,2008,"1,599,978"
,2009,"1,653,542"
,2010,"1,711,105"
,2011,"1,772,500"
,2012,"1,836,705"
,2013,"1,902,226"
,2014,"1,966,855"
,2015,"2,028,517"
,2016,"2,086,206"
,2017,"2,140,215"
,2018,"2,192,012"
,2019,"2,242,785"
,2020,"2,292,573"
,2021,"2,341,179"
,2022,"2,388,992"
Gambia,2000,"1,437,539"
,2001,"1,479,449"
,2002,"1,522,223"
,2003,"1,566,257"
,2004,"1,612,225"
,2005,"1,660,368"
,2006,"1,711,294"
,2007,"1,764,883"
,2008,"1,820,542"
,2009,"1,878,119"
,2010,"1,937,275"
,2011,"1,998,212"
,2012,"2,061,014"
,2013,"2,124,869"
,2014,"2,189,019"
,2015,"2,253,133"
,2016,"2,317,206"
,2017,"2,381,182"
,2018,"2,444,916"
,2019,"2,508,883"
,2020,"2,573,995"
,2021,"2,639,916"
,2022,"2,705,992"
Ghana,2000,"19,665,502"
,2001,"20,195,576"
,2002,"20,758,326"
,2003,"21,329,514"
,2004,"21,906,444"
,2005,"22,496,952"
,2006,"23,098,586"
,2007,"23,708,320"
,2008,"24,326,088"
,2009,"24,950,762"
,2010,"25,574,720"
,2011,"26,205,940"
,2012,"26,858,762"
,2013,"27,525,596"
,2014,"28,196,358"
,2015,"28,870,940"
,2016,"29,554,304"
,2017,"30,222,262"
,2018,"30,870,640"
,2019,"31,522,290"
,2020,"32,180,400"
,2021,"32,833,032"
,2022,"33,475,870"
Guinea,2000,"8,336,967"
,2001,"8,445,717"
,2002,"8,577,790"
,2003,"8,772,254"
,2004,"8,961,039"
,2005,"9,140,114"
,2006,"9,330,625"
,2007,"9,547,082"
,2008,"9,779,785"
,2009,"10,021,323"
,2010,"10,270,728"
,2011,"10,527,712"
,2012,"10,788,692"
,2013,"11,055,430"
,2014,"11,333,365"
,2015,"11,625,998"
,2016,"11,930,985"
,2017,"12,240,789"
,2018,"12,554,864"
,2019,"12,877,539"
,2020,"13,205,153"
,2021,"13,531,906"
,2022,"13,859,341"
Guinea-Bissau,2000,"1,230,849"
,2001,"1,257,380"
,2002,"1,285,678"
,2003,"1,315,653"
,2004,"1,347,009"
,2005,"1,379,713"
,2006,"1,414,091"
,2007,"1,450,572"
,2008,"1,488,431"
,2009,"1,527,196"
,2010,"1,567,220"
,2011,"1,609,017"
,2012,"1,652,717"
,2013,"1,697,753"
,2014,"1,743,309"
,2015,"1,788,919"
,2016,"1,834,552"
,2017,"1,879,826"
,2018,"1,924,955"
,2019,"1,970,457"
,2020,"2,015,828"
,2021,"2,060,721"
,2022,"2,105,566"
Kenya,2000,"30,851,606"
,2001,"31,800,344"
,2002,"32,779,824"
,2003,"33,767,120"
,2004,"34,791,836"
,2005,"35,843,008"
,2006,"36,925,252"
,2007,"38,036,792"
,2008,"39,186,896"
,2009,"40,364,444"
,2010,"41,517,896"
,2011,"42,635,144"
,2012,"43,725,808"
,2013,"44,792,368"
,2014,"45,831,864"
,2015,"46,851,488"
,2016,"47,894,672"
,2017,"48,948,136"
,2018,"49,953,304"
,2019,"50,951,448"
,2020,"51,985,780"
,2021,"53,005,616"
,2022,"54,027,488"
Liberia,2000,"2,895,224"
,2001,"2,981,648"
,2002,"3,060,599"
,2003,"3,085,173"
,2004,"3,122,447"
,2005,"3,266,318"
,2006,"3,455,397"
,2007,"3,632,740"
,2008,"3,783,887"
,2009,"3,905,066"
,2010,"4,019,956"
,2011,"4,181,150"
,2012,"4,331,740"
,2013,"4,427,313"
,2014,"4,519,398"
,2015,"4,612,329"
,2016,"4,706,097"
,2017,"4,796,631"
,2018,"4,889,391"
,2019,"4,985,289"
,2020,"5,087,584"
,2021,"5,193,416"
,2022,"5,302,681"
Madagascar,2000,"16,216,431"
,2001,"16,709,665"
,2002,"17,211,934"
,2003,"17,724,310"
,2004,"18,250,774"
,2005,"18,792,172"
,2006,"19,350,300"
,2007,"19,924,958"
,2008,"20,513,600"
,2009,"21,117,092"
,2010,"21,731,052"
,2011,"22,348,158"
,2012,"22,966,240"
,2013,"23,588,072"
,2014,"24,215,976"
,2015,"24,850,912"
,2016,"25,501,940"
,2017,"26,169,542"
,2018,"26,846,540"
,2019,"27,533,134"
,2020,"28,225,176"
,2021,"28,915,652"
,2022,"29,611,714"
Malawi,2000,"11,229,387"
,2001,"11,498,818"
,2002,"11,784,498"
,2003,"12,087,965"
,2004,"12,411,342"
,2005,"12,755,648"
,2006,"13,118,307"
,2007,"13,495,463"
,2008,"13,889,423"
,2009,"14,298,932"
,2010,"14,718,422"
,2011,"15,146,094"
,2012,"15,581,251"
,2013,"16,024,775"
,2014,"16,477,966"
,2015,"16,938,942"
,2016,"17,405,624"
,2017,"17,881,168"
,2018,"18,367,884"
,2019,"18,867,336"
,2020,"19,377,060"
,2021,"19,889,742"
,2022,"20,405,316"
Mali,2000,"11,239,101"
,2001,"11,583,824"
,2002,"11,952,660"
,2003,"12,342,165"
,2004,"12,751,995"
,2005,"13,180,551"
,2006,"13,623,541"
,2007,"14,080,912"
,2008,"14,551,117"
,2009,"15,032,635"
,2010,"15,529,181"
,2011,"16,039,734"
,2012,"16,514,687"
,2013,"17,004,032"
,2014,"17,551,814"
,2015,"18,112,908"
,2016,"18,700,106"
,2017,"19,311,356"
,2018,"19,934,298"
,2019,"20,567,424"
,2020,"21,224,040"
,2021,"21,904,984"
,2022,"22,593,590"
Mauritania,2000,"2,695,003"
,2001,"2,761,823"
,2002,"2,821,703"
,2003,"2,883,326"
,2004,"2,946,575"
,2005,"3,012,360"
,2006,"3,081,229"
,2007,"3,153,508"
,2008,"3,233,336"
,2009,"3,322,616"
,2010,"3,419,461"
,2011,"3,524,249"
,2012,"3,636,113"
,2013,"3,742,959"
,2014,"3,843,174"
,2015,"3,946,220"
,2016,"4,051,890"
,2017,"4,160,015"
,2018,"4,270,712"
,2019,"4,383,849"
,2020,"4,498,604"
,2021,"4,614,974"
,2022,"4,736,139"
Mozambique,2000,"17,768,504"
,2001,"18,220,716"
,2002,"18,694,946"
,2003,"19,186,754"
,2004,"19,694,412"
,2005,"20,211,114"
,2006,"20,735,982"
,2007,"21,280,512"
,2008,"21,845,572"
,2009,"22,436,660"
,2010,"23,073,724"
,2011,"23,760,420"
,2012,"24,487,612"
,2013,"25,251,732"
,2014,"26,038,704"
,2015,"26,843,246"
,2016,"27,696,492"
,2017,"28,569,440"
,2018,"29,423,878"
,2019,"30,285,596"
,2020,"31,178,240"
,2021,"32,077,072"
,2022,"32,969,518"
Namibia2,2000,"1,443,943"
,2001,"1,473,519"
,2002,"1,499,016"
,2003,"1,520,368"
,2004,"1,539,403"
,2005,"1,558,024"
,2006,"1,576,830"
,2007,"1,596,621"
,2008,"1,618,100"
,2009,"1,641,410"
,2010,"1,666,296"
,2011,"1,692,544"
,2012,"1,720,429"
,2013,"1,749,829"
,2014,"1,780,382"
,2015,"1,811,896"
,2016,"1,844,160"
,2017,"1,876,848"
,2018,"1,909,508"
,2019,"1,942,023"
,2020,"1,975,721"
,2021,"2,008,307"
,2022,"2,037,565"
Niger,2000,"11,622,665"
,2001,"12,031,430"
,2002,"12,456,517"
,2003,"12,900,790"
,2004,"13,366,885"
,2005,"13,855,221"
,2006,"14,365,168"
,2007,"14,897,873"
,2008,"15,455,175"
,2009,"16,037,915"
,2010,"16,647,543"
,2011,"17,283,112"
,2012,"17,954,408"
,2013,"18,653,200"
,2014,"19,372,014"
,2015,"20,128,124"
,2016,"20,921,744"
,2017,"21,737,922"
,2018,"22,577,058"
,2019,"23,443,392"
,2020,"24,333,640"
,2021,"25,252,722"
,2022,"26,207,976"
Nigeria,2000,"122,851,984"
,2001,"126,152,680"
,2002,"129,583,024"
,2003,"133,119,800"
,2004,"136,756,848"
,2005,"140,490,720"
,2006,"144,329,760"
,2007,"148,294,032"
,2008,"152,382,512"
,2009,"156,595,760"
,2010,"160,952,848"
,2011,"165,463,744"
,2012,"170,075,936"
,2013,"174,726,128"
,2014,"179,379,008"
,2015,"183,995,792"
,2016,"188,666,928"
,2017,"193,495,904"
,2018,"198,387,616"
,2019,"203,304,496"
,2020,"208,327,408"
,2021,"213,401,328"
,2022,"218,541,216"
Rwanda,2000,"8,109,989"
,2001,"8,223,941"
,2002,"8,372,306"
,2003,"8,567,992"
,2004,"8,791,853"
,2005,"9,026,299"
,2006,"9,270,066"
,2007,"9,523,168"
,2008,"9,781,996"
,2009,"10,043,737"
,2010,"10,309,031"
,2011,"10,576,932"
,2012,"10,840,334"
,2013,"11,101,350"
,2014,"11,368,451"
,2015,"11,642,959"
,2016,"11,930,899"
,2017,"12,230,339"
,2018,"12,531,808"
,2019,"12,835,028"
,2020,"13,146,362"
,2021,"13,461,888"
,2022,"13,776,698"
"Sao Tome and Principe1,2",2000,"143,714"
,2001,"146,258"
,2002,"149,841"
,2003,"153,762"
,2004,"157,697"
,2005,"161,680"
,2006,"165,725"
,2007,"169,845"
,2008,"174,004"
,2009,"178,128"
,2010,"182,138"
,2011,"186,044"
,2012,"189,924"
,2013,"193,757"
,2014,"197,497"
,2015,"201,124"
,2016,"204,632"
,2017,"208,036"
,2018,"211,344"
,2019,"214,599"
,2020,"218,641"
,2021,"223,107"
,2022,"227,380"
Senegal,2000,"9,704,287"
,2001,"9,938,027"
,2002,"10,180,950"
,2003,"10,434,504"
,2004,"10,698,691"
,2005,"10,974,057"
,2006,"11,263,387"
,2007,"11,563,869"
,2008,"11,872,929"
,2009,"12,195,029"
,2010,"12,530,121"
,2011,"12,875,880"
,2012,"13,231,833"
,2013,"13,595,566"
,2014,"13,970,308"
,2015,"14,356,181"
,2016,"14,751,356"
,2017,"15,157,793"
,2018,"15,574,909"
,2019,"16,000,781"
,2020,"16,436,120"
,2021,"16,876,720"
,2022,"17,316,448"
Sierra Leone,2000,"4,584,067"
,2001,"4,857,096"
,2002,"5,140,113"
,2003,"5,350,907"
,2004,"5,533,329"
,2005,"5,683,334"
,2006,"5,809,774"
,2007,"5,939,163"
,2008,"6,090,860"
,2009,"6,259,842"
,2010,"6,436,698"
,2011,"6,612,385"
,2012,"6,788,587"
,2013,"6,964,859"
,2014,"7,140,688"
,2015,"7,314,773"
,2016,"7,493,913"
,2017,"7,677,565"
,2018,"7,861,281"
,2019,"8,046,828"
,2020,"8,233,970"
,2021,"8,420,641"
,2022,"8,605,718"
"South Africa1,2",2000,"4,681,326"
,2001,"4,722,971"
,2002,"4,766,151"
,2003,"4,810,404"
,2004,"4,855,607"
,2005,"4,901,714"
,2006,"4,949,175"
,2007,"4,999,609"
,2008,"5,056,581"
,2009,"5,117,078"
,2010,"5,178,492"
,2011,"5,244,332"
,2012,"5,314,503"
,2013,"5,387,361"
,2014,"5,472,955"
,2015,"5,587,650"
,2016,"5,642,227"
,2017,"5,664,120"
,2018,"5,733,963"
,2019,"5,808,705"
,2020,"5,880,192"
,2021,"5,939,225"
,2022,"5,989,388"
South Sudan,2000,"6,114,440"
,2001,"6,394,431"
,2002,"6,686,100"
,2003,"6,992,367"
,2004,"7,317,118"
,2005,"7,662,654"
,2006,"8,029,517"
,2007,"8,417,823"
,2008,"8,823,888"
,2009,"9,229,227"
,2010,"9,714,419"
,2011,"10,243,050"
,2012,"10,701,604"
,2013,"11,106,031"
,2014,"11,213,284"
,2015,"11,194,299"
,2016,"11,066,105"
,2017,"10,658,226"
,2018,"10,395,329"
,2019,"10,447,666"
,2020,"10,606,227"
,2021,"10,748,272"
,2022,"10,913,164"
Togo,2000,"5,008,035"
,2001,"5,145,426"
,2002,"5,281,538"
,2003,"5,421,001"
,2004,"5,565,218"
,2005,"5,711,597"
,2006,"5,874,240"
,2007,"6,047,537"
,2008,"6,222,482"
,2009,"6,398,624"
,2010,"6,571,855"
,2011,"6,748,672"
,2012,"6,926,635"
,2013,"7,106,229"
,2014,"7,288,383"
,2015,"7,473,229"
,2016,"7,661,354"
,2017,"7,852,795"
,2018,"8,046,679"
,2019,"8,243,094"
,2020,"8,442,580"
,2021,"8,644,829"
,2022,"8,848,699"
Uganda,2000,"24,020,696"
,2001,"24,763,324"
,2002,"25,545,090"
,2003,"26,354,736"
,2004,"27,146,084"
,2005,"27,946,588"
,2006,"28,773,228"
,2007,"29,629,804"
,2008,"30,509,862"
,2009,"31,412,520"
,2010,"32,341,728"
,2011,"33,295,738"
,2012,"34,273,296"
,2013,"35,273,568"
,2014,"36,336,540"
,2015,"37,477,356"
,2016,"38,748,300"
,2017,"40,127,084"
,2018,"41,515,396"
,2019,"42,949,080"
,2020,"44,404,612"
,2021,"45,853,776"
,2022,"47,249,584"
United Republic of Tanzania,2000,"34,463,704"
,2001,"35,414,468"
,2002,"36,353,532"
,2003,"37,333,920"
,2004,"38,360,880"
,2005,"39,439,504"
,2006,"40,562,052"
,2007,"41,716,496"
,2008,"42,870,884"
,2009,"43,957,932"
,2010,"45,110,528"
,2011,"46,416,032"
,2012,"47,786,136"
,2013,"49,253,644"
,2014,"50,814,552"
,2015,"52,542,824"
,2016,"54,401,800"
,2017,"56,267,032"
,2018,"58,090,444"
,2019,"59,872,580"
,2020,"61,704,520"
,2021,"63,588,336"
,2022,"65,497,748"
Zambia,2000,"9,891,136"
,2001,"10,191,964"
,2002,"10,508,294"
,2003,"10,837,973"
,2004,"11,188,040"
,2005,"11,564,870"
,2006,"11,971,567"
,2007,"12,402,073"
,2008,"12,852,966"
,2009,"13,318,087"
,2010,"13,792,086"
,2011,"14,265,814"
,2012,"14,744,658"
,2013,"15,234,976"
,2014,"15,737,793"
,2015,"16,248,230"
,2016,"16,767,761"
,2017,"17,298,054"
,2018,"17,835,892"
,2019,"18,380,476"
,2020,"18,927,716"
,2021,"19,473,124"
,2022,"20,017,676"
Zimbabwe,2000,"9,318,943"
,2001,"9,379,025"
,2002,"9,437,032"
,2003,"9,508,833"
,2004,"9,575,806"
,2005,"9,626,100"
,2006,"9,709,360"
,2007,"9,803,913"
,2008,"9,882,482"
,2009,"9,984,424"
,2010,"10,110,382"
,2011,"10,256,854"
,2012,"10,445,479"
,2013,"10,673,905"
,2014,"10,910,394"
,2015,"11,145,979"
,2016,"11,380,449"
,2017,"11,615,415"
,2018,"11,852,496"
,2019,"12,090,632"
,2020,"12,338,718"
,2021,"12,593,732"
,2022,"12,851,231"
Americas,,
"Argentina1,2,3",2000,"185,353"
,2001,"187,402"
,2002,"189,425"
,2003,"191,390"
,2004,"193,343"
,2005,"195,352"
,2006,"197,384"
,2007,"199,380"
,2008,"201,368"
,2009,"203,421"
,2010,"205,500"
,2011,"207,603"
,2012,"209,761"
,2013,"211,941"
,2014,"214,120"
,2015,"216,285"
,2016,"218,341"
,2017,"220,273"
,2018,"222,067"
,2019,"223,727"
,2020,"225,180"
,2021,"226,383"
,2022,"227,551"
"Belize1,2,3",2000,"165,880"
,2001,"171,189"
,2002,"176,631"
,2003,"182,158"
,2004,"187,768"
,2005,"193,458"
,2006,"199,223"
,2007,"205,049"
,2008,"210,912"
,2009,"216,777"
,2010,"222,253"
,2011,"227,381"
,2012,"232,570"
,2013,"237,834"
,2014,"243,111"
,2015,"248,310"
,2016,"253,445"
,2017,"258,538"
,2018,"263,625"
,2019,"268,475"
,2020,"272,495"
,2021,"276,021"
,2022,"279,637"
Bolivia (Plurinational State of),2000,"3,898,230"
,2001,"3,967,835"
,2002,"4,037,927"
,2003,"4,109,060"
,2004,"4,181,149"
,2005,"4,254,239"
,2006,"4,329,219"
,2007,"4,405,658"
,2008,"4,482,528"
,2009,"4,559,980"
,2010,"4,637,990"
,2011,"4,716,464"
,2012,"4,795,154"
,2013,"4,873,935"
,2014,"4,952,709"
,2015,"5,031,238"
,2016,"5,109,692"
,2017,"5,187,958"
,2018,"5,265,704"
,2019,"5,343,014"
,2020,"5,415,078"
,2021,"5,480,094"
,2022,"5,545,711"
Brazil2,2000,"35,702,366"
,2001,"36,177,013"
,2002,"36,636,767"
,2003,"37,073,743"
,2004,"37,498,575"
,2005,"37,919,857"
,2006,"38,330,599"
,2007,"38,728,229"
,2008,"39,112,480"
,2009,"39,487,063"
,2010,"39,859,758"
,2011,"40,231,615"
,2012,"40,595,475"
,2013,"40,949,517"
,2014,"41,302,308"
,2015,"41,653,206"
,2016,"41,992,495"
,2017,"42,326,506"
,2018,"42,663,818"
,2019,"42,991,924"
,2020,"43,278,849"
,2021,"43,508,223"
,2022,"43,708,641"
Colombia2,2000,"8,681,838"
,2001,"8,819,707"
,2002,"8,956,121"
,2003,"9,089,761"
,2004,"9,220,510"
,2005,"9,347,293"
,2006,"9,469,494"
,2007,"9,587,644"
,2008,"9,700,271"
,2009,"9,810,657"
,2010,"9,921,838"
,2011,"10,030,937"
,2012,"10,135,769"
,2013,"10,236,614"
,2014,"10,334,030"
,2015,"10,431,836"
,2016,"10,543,910"
,2017,"10,704,576"
,2018,"10,909,426"
,2019,"11,110,990"
,2020,"11,275,539"
,2021,"11,405,251"
,2022,"11,484,390"
"Costa Rica1,2",2000,"1,392,717"
,2001,"1,418,627"
,2002,"1,442,918"
,2003,"1,466,013"
,2004,"1,488,480"
,2005,"1,510,560"
,2006,"1,532,360"
,2007,"1,554,006"
,2008,"1,575,672"
,2009,"1,597,094"
,2010,"1,617,788"
,2011,"1,637,974"
,2012,"1,657,807"
,2013,"1,677,037"
,2014,"1,695,500"
,2015,"1,713,334"
,2016,"1,730,821"
,2017,"1,747,844"
,2018,"1,764,256"
,2019,"1,779,586"
,2020,"1,793,086"
,2021,"1,803,884"
,2022,"1,813,290"
"Dominican Republic1,2",2000,"4,704,438"
,2001,"4,775,080"
,2002,"4,844,517"
,2003,"4,913,232"
,2004,"4,981,135"
,2005,"5,048,137"
,2006,"5,113,905"
,2007,"5,178,923"
,2008,"5,245,430"
,2009,"5,314,344"
,2010,"5,384,681"
,2011,"5,455,176"
,2012,"5,525,210"
,2013,"5,594,706"
,2014,"5,663,594"
,2015,"5,731,740"
,2016,"5,798,808"
,2017,"5,864,714"
,2018,"5,929,869"
,2019,"5,993,958"
,2020,"6,058,834"
,2021,"6,123,946"
,2022,"6,185,059"
"Ecuador1,2",2000,"7,155,441"
,2001,"7,279,556"
,2002,"7,407,114"
,2003,"7,537,780"
,2004,"7,670,053"
,2005,"7,803,465"
,2006,"7,938,934"
,2007,"8,076,514"
,2008,"8,215,334"
,2009,"8,354,725"
,2010,"8,494,597"
,2011,"8,635,220"
,2012,"8,774,716"
,2013,"8,910,217"
,2014,"9,043,395"
,2015,"9,178,217"
,2016,"9,316,312"
,2017,"9,462,158"
,2018,"9,642,781"
,2019,"9,828,697"
,2020,"9,967,457"
,2021,"10,085,976"
,2022,"10,201,166"
"El Salvador1,2,3",2000,"1,209,571"
,2001,"1,215,583"
,2002,"1,220,288"
,2003,"1,223,450"
,2004,"1,225,237"
,2005,"1,225,676"
,2006,"1,224,990"
,2007,"1,226,958"
,2008,"1,231,824"
,2009,"1,236,511"
,2010,"1,241,148"
,2011,"1,245,881"
,2012,"1,250,741"
,2013,"1,255,685"
,2014,"1,260,533"
,2015,"1,264,906"
,2016,"1,268,853"
,2017,"1,272,130"
,2018,"1,274,097"
,2019,"1,274,884"
,2020,"1,277,424"
,2021,"1,281,775"
,2022,"1,286,287"
"French Guiana1,2",2000,"90,932"
,2001,"94,831"
,2002,"98,887"
,2003,"103,024"
,2004,"107,167"
,2005,"111,352"
,2006,"115,009"
,2007,"118,016"
,2008,"120,901"
,2009,"123,671"
,2010,"126,398"
,2011,"129,263"
,2012,"132,368"
,2013,"135,758"
,2014,"139,078"
,2015,"142,207"
,2016,"145,409"
,2017,"149,027"
,2018,"153,063"
,2019,"157,171"
,2020,"160,987"
,2021,"164,572"
,2022,"168,505"
"Guatemala1,2",2000,"8,859,661"
,2001,"9,065,980"
,2002,"9,277,858"
,2003,"9,489,724"
,2004,"9,702,560"
,2005,"9,914,223"
,2006,"10,125,293"
,2007,"10,339,841"
,2008,"10,553,367"
,2009,"10,764,714"
,2010,"10,978,892"
,2011,"11,198,070"
,2012,"11,420,660"
,2013,"11,642,875"
,2014,"11,862,616"
,2015,"12,079,555"
,2016,"12,298,404"
,2017,"12,515,609"
,2018,"12,720,534"
,2019,"12,913,916"
,2020,"13,107,463"
,2021,"13,292,996"
,2022,"13,470,723"
Guyana,2000,"759,051"
,2001,"759,809"
,2002,"760,323"
,2003,"760,562"
,2004,"760,424"
,2005,"759,709"
,2006,"758,367"
,2007,"756,521"
,2008,"754,150"
,2009,"751,258"
,2010,"747,932"
,2011,"744,230"
,2012,"743,966"
,2013,"747,420"
,2014,"751,115"
,2015,"755,031"
,2016,"759,087"
,2017,"763,252"
,2018,"785,514"
,2019,"798,753"
,2020,"797,202"
,2021,"804,567"
,2022,"808,726"
Haiti,2000,"7,469,192"
,2001,"7,604,548"
,2002,"7,738,398"
,2003,"7,873,035"
,2004,"8,006,373"
,2005,"8,140,753"
,2006,"8,278,687"
,2007,"8,416,754"
,2008,"8,554,717"
,2009,"8,693,546"
,2010,"8,793,825"
,2011,"8,893,381"
,2012,"9,031,170"
,2013,"9,167,566"
,2014,"9,302,950"
,2015,"9,437,871"
,2016,"9,571,966"
,2017,"9,705,706"
,2018,"9,838,717"
,2019,"9,970,958"
,2020,"10,101,722"
,2021,"10,227,487"
,2022,"10,350,267"
"Honduras1,2",2000,"6,029,661"
,2001,"6,193,734"
,2002,"6,358,632"
,2003,"6,523,463"
,2004,"6,687,890"
,2005,"6,852,026"
,2006,"7,015,602"
,2007,"7,177,977"
,2008,"7,338,589"
,2009,"7,497,580"
,2010,"7,654,855"
,2011,"7,810,264"
,2012,"7,964,126"
,2013,"8,116,563"
,2014,"8,268,002"
,2015,"8,418,962"
,2016,"8,569,590"
,2017,"8,719,993"
,2018,"8,870,363"
,2019,"9,020,707"
,2020,"9,168,292"
,2021,"9,310,124"
,2022,"9,450,084"
"Mexico1,2",2000,"2,074,916"
,2001,"2,107,158"
,2002,"2,139,442"
,2003,"2,171,502"
,2004,"2,203,651"
,2005,"2,235,378"
,2006,"2,265,999"
,2007,"2,296,023"
,2008,"2,325,311"
,2009,"2,354,247"
,2010,"2,385,686"
,2011,"2,419,990"
,2012,"2,454,025"
,2013,"2,486,562"
,2014,"2,517,624"
,2015,"2,547,177"
,2016,"2,576,207"
,2017,"2,604,192"
,2018,"2,629,093"
,2019,"2,651,808"
,2020,"2,671,164"
,2021,"2,686,148"
,2022,"2,703,087"
Nicaragua2,2000,"4,508,435"
,2001,"4,569,632"
,2002,"4,627,925"
,2003,"4,684,294"
,2004,"4,739,876"
,2005,"4,800,116"
,2006,"4,866,233"
,2007,"4,934,558"
,2008,"5,005,214"
,2009,"5,078,162"
,2010,"5,153,045"
,2011,"5,229,446"
,2012,"5,306,934"
,2013,"5,385,053"
,2014,"5,463,634"
,2015,"5,542,766"
,2016,"5,622,526"
,2017,"5,702,868"
,2018,"5,783,565"
,2019,"5,864,253"
,2020,"5,945,187"
,2021,"6,028,475"
,2022,"6,114,584"
"Panama1,2",2000,"2,011,159"
,2001,"2,050,886"
,2002,"2,091,063"
,2003,"2,131,677"
,2004,"2,173,018"
,2005,"2,214,931"
,2006,"2,256,943"
,2007,"2,299,181"
,2008,"2,341,834"
,2009,"2,384,759"
,2010,"2,427,823"
,2011,"2,471,411"
,2012,"2,515,757"
,2013,"2,560,442"
,2014,"2,605,491"
,2015,"2,651,256"
,2016,"2,697,645"
,2017,"2,744,362"
,2018,"2,790,720"
,2019,"2,835,796"
,2020,"2,877,245"
,2021,"2,915,348"
,2022,"2,953,749"
"Paraguay1,2,3",2000,"184,457"
,2001,"187,615"
,2002,"190,314"
,2003,"192,717"
,2004,"194,987"
,2005,"197,167"
,2006,"199,248"
,2007,"201,245"
,2008,"203,225"
,2009,"205,292"
,2010,"207,670"
,2011,"210,381"
,2012,"213,239"
,2013,"216,203"
,2014,"219,265"
,2015,"222,406"
,2016,"225,598"
,2017,"228,794"
,2018,"231,959"
,2019,"235,080"
,2020,"238,273"
,2021,"241,336"
,2022,"244,106"
Peru,2000,"10,468,797"
,2001,"10,610,375"
,2002,"10,735,899"
,2003,"10,849,343"
,2004,"10,955,612"
,2005,"11,055,120"
,2006,"11,146,952"
,2007,"11,233,088"
,2008,"11,313,916"
,2009,"11,393,702"
,2010,"11,480,206"
,2011,"11,577,669"
,2012,"11,684,448"
,2013,"11,798,042"
,2014,"11,921,818"
,2015,"12,062,391"
,2016,"12,227,710"
,2017,"12,413,370"
,2018,"12,648,421"
,2019,"12,892,292"
,2020,"13,080,775"
,2021,"13,242,088"
,2022,"13,373,316"
"Suriname1,2",2000,"70,748"
,2001,"71,988"
,2002,"73,209"
,2003,"74,408"
,2004,"75,411"
,2005,"76,245"
,2006,"77,102"
,2007,"77,977"
,2008,"78,862"
,2009,"79,756"
,2010,"80,656"
,2011,"81,551"
,2012,"82,432"
,2013,"83,294"
,2014,"84,142"
,2015,"84,997"
,2016,"85,880"
,2017,"86,782"
,2018,"87,691"
,2019,"88,664"
,2020,"89,663"
,2021,"90,537"
,2022,"91,284"
Venezuela (Bolivarian Republic of),2000,"12,213,864"
,2001,"12,440,102"
,2002,"12,665,464"
,2003,"12,891,014"
,2004,"13,113,464"
,2005,"13,334,392"
,2006,"13,551,040"
,2007,"13,762,548"
,2008,"13,966,916"
,2009,"14,163,946"
,2010,"14,357,511"
,2011,"14,548,080"
,2012,"14,735,213"
,2013,"14,919,010"
,2014,"15,096,629"
,2015,"15,264,858"
,2016,"15,370,732"
,2017,"15,281,716"
,2018,"14,912,826"
,2019,"14,485,842"
,2020,"14,245,226"
,2021,"14,099,934"
,2022,"14,150,848"
Eastern Mediterranean,,
Afghanistan,2000,"15,088,715"
,2001,"15,201,168"
,2002,"16,213,845"
,2003,"17,483,817"
,2004,"18,185,190"
,2005,"18,847,355"
,2006,"19,643,949"
,2007,"19,999,380"
,2008,"20,403,872"
,2009,"21,143,606"
,2010,"21,764,638"
,2011,"22,582,643"
,2012,"23,522,513"
,2013,"24,352,287"
,2014,"25,259,481"
,2015,"26,060,350"
,2016,"26,741,870"
,2017,"27,519,513"
,2018,"28,325,075"
,2019,"29,161,017"
,2020,"30,089,621"
,2021,"30,959,932"
,2022,"31,754,639"
Djibouti1,2000,"556,465"
,2001,"574,055"
,2002,"591,783"
,2003,"604,743"
,2004,"613,714"
,2005,"623,078"
,2006,"635,142"
,2007,"648,827"
,2008,"662,093"
,2009,"675,754"
,2010,"689,325"
,2011,"702,532"
,2012,"715,646"
,2013,"728,736"
,2014,"741,735"
,2015,"754,613"
,2016,"767,363"
,2017,"780,091"
,2018,"792,813"
,2019,"805,409"
,2020,"817,529"
,2021,"829,078"
,2022,"840,546"
"Egypt1,2",2000,"71,371,368"
,2001,"72,854,264"
,2002,"74,393,760"
,2003,"75,963,320"
,2004,"77,522,424"
,2005,"79,075,312"
,2006,"80,629,672"
,2007,"82,218,752"
,2008,"83,844,784"
,2009,"85,501,064"
,2010,"87,252,416"
,2011,"89,200,056"
,2012,"91,240,376"
,2013,"93,377,888"
,2014,"95,592,320"
,2015,"97,723,800"
,2016,"99,784,032"
,2017,"101,789,384"
,2018,"103,740,768"
,2019,"105,618,672"
,2020,"107,465,136"
,2021,"109,262,176"
,2022,"110,990,104"
"Iran (Islamic Republic of)1,2",2000,"669,208"
,2001,"680,750"
,2002,"687,409"
,2003,"693,817"
,2004,"705,119"
,2005,"716,564"
,2006,"727,725"
,2007,"738,381"
,2008,"748,580"
,2009,"758,834"
,2010,"769,567"
,2011,"779,461"
,2012,"789,482"
,2013,"801,065"
,2014,"816,408"
,2015,"835,084"
,2016,"850,556"
,2017,"862,796"
,2018,"874,155"
,2019,"883,820"
,2020,"891,232"
,2021,"897,698"
,2022,"904,101"
"Iraq1,2",2000,"3,201,751"
,2001,"3,305,336"
,2002,"3,413,194"
,2003,"3,518,947"
,2004,"3,621,663"
,2005,"3,730,828"
,2006,"3,757,729"
,2007,"3,725,915"
,2008,"3,798,389"
,2009,"3,937,575"
,2010,"4,064,433"
,2011,"4,209,147"
,2012,"4,402,378"
,2013,"4,612,634"
,2014,"4,777,043"
,2015,"4,908,515"
,2016,"5,030,732"
,2017,"5,150,750"
,2018,"5,276,791"
,2019,"5,403,257"
,2020,"5,532,407"
,2021,"5,659,366"
,2022,"5,784,495"
"Morocco1,2,3",2000,"28,554,416"
,2001,"28,930,096"
,2002,"29,301,816"
,2003,"29,661,270"
,2004,"30,033,124"
,2005,"30,431,902"
,2006,"30,833,022"
,2007,"31,232,632"
,2008,"31,634,992"
,2009,"32,042,876"
,2010,"32,464,864"
,2011,"32,903,700"
,2012,"33,352,168"
,2013,"33,803,528"
,2014,"34,248,604"
,2015,"34,680,456"
,2016,"35,107,264"
,2017,"35,528,116"
,2018,"35,927,512"
,2019,"36,304,408"
,2020,"36,688,772"
,2021,"37,076,584"
,2022,"37,457,972"
"Oman1,2",2000,"2,344,253"
,2001,"2,374,653"
,2002,"2,403,659"
,2003,"2,431,600"
,2004,"2,468,855"
,2005,"2,515,192"
,2006,"2,560,649"
,2007,"2,605,700"
,2008,"2,651,028"
,2009,"2,697,537"
,2010,"2,881,914"
,2011,"3,206,870"
,2012,"3,535,579"
,2013,"3,816,680"
,2014,"4,009,267"
,2015,"4,191,776"
,2016,"4,398,070"
,2017,"4,541,854"
,2018,"4,601,157"
,2019,"4,602,768"
,2020,"4,543,399"
,2021,"4,520,471"
,2022,"4,576,298"
Pakistan,2000,"151,762,612"
,2001,"156,528,540"
,2002,"160,505,291"
,2003,"164,058,125"
,2004,"167,766,368"
,2005,"171,426,951"
,2006,"175,062,381"
,2007,"178,851,822"
,2008,"182,791,561"
,2009,"186,912,034"
,2010,"191,170,159"
,2011,"195,248,335"
,2012,"198,790,599"
,2013,"201,869,416"
,2014,"204,734,261"
,2015,"207,406,024"
,2016,"209,918,397"
,2017,"212,724,995"
,2018,"216,020,207"
,2019,"219,521,856"
,2020,"223,359,383"
,2021,"227,493,730"
,2022,"231,841,782"
"Saudi Arabia1,2",2000,"2,310,565"
,2001,"2,368,313"
,2002,"2,425,949"
,2003,"2,482,506"
,2004,"2,537,297"
,2005,"2,616,202"
,2006,"2,721,850"
,2007,"2,830,926"
,2008,"2,942,156"
,2009,"3,054,368"
,2010,"3,153,893"
,2011,"3,233,139"
,2012,"3,305,049"
,2013,"3,375,924"
,2014,"3,444,881"
,2015,"3,511,824"
,2016,"3,583,286"
,2017,"3,666,589"
,2018,"3,755,056"
,2019,"3,841,831"
,2020,"3,860,034"
,2021,"3,855,025"
,2022,"3,904,182"
Somalia,2000,"8,721,465"
,2001,"9,070,747"
,2002,"9,411,103"
,2003,"9,758,281"
,2004,"10,117,354"
,2005,"10,467,292"
,2006,"10,784,973"
,2007,"11,118,092"
,2008,"11,444,870"
,2009,"11,730,037"
,2010,"12,026,649"
,2011,"12,216,837"
,2012,"12,440,326"
,2013,"12,852,485"
,2014,"13,309,235"
,2015,"13,763,906"
,2016,"14,292,847"
,2017,"14,864,221"
,2018,"15,411,094"
,2019,"15,981,300"
,2020,"16,537,016"
,2021,"17,065,580"
,2022,"17,597,512"
Sudan,2000,"26,298,772"
,2001,"26,947,252"
,2002,"27,570,318"
,2003,"28,188,976"
,2004,"28,831,550"
,2005,"29,540,576"
,2006,"30,332,968"
,2007,"31,191,164"
,2008,"32,065,240"
,2009,"32,948,156"
,2010,"33,739,932"
,2011,"34,419,624"
,2012,"35,159,792"
,2013,"35,990,704"
,2014,"37,003,244"
,2015,"38,171,176"
,2016,"39,377,168"
,2017,"40,679,828"
,2018,"41,999,060"
,2019,"43,232,092"
,2020,"44,440,488"
,2021,"45,657,200"
,2022,"46,874,204"
"Syrian Arab Republic1,2,3",2000,"16,307,654"
,2001,"16,727,948"
,2002,"17,164,020"
,2003,"17,611,356"
,2004,"18,084,008"
,2005,"18,583,556"
,2006,"19,432,008"
,2007,"20,703,004"
,2008,"21,474,060"
,2009,"21,827,220"
,2010,"22,337,564"
,2011,"22,730,732"
,2012,"22,605,576"
,2013,"21,495,820"
,2014,"20,072,232"
,2015,"19,205,178"
,2016,"18,964,252"
,2017,"18,983,372"
,2018,"19,333,464"
,2019,"20,098,252"
,2020,"20,772,596"
,2021,"21,324,368"
,2022,"22,125,248"
"United Arab Emirates1,2,3",2000,"3,275,333"
,2001,"3,454,198"
,2002,"3,633,655"
,2003,"3,813,443"
,2004,"3,993,339"
,2005,"4,280,993"
,2006,"4,898,954"
,2007,"5,872,624"
,2008,"6,988,685"
,2009,"7,992,644"
,2010,"8,481,771"
,2011,"8,575,205"
,2012,"8,664,969"
,2013,"8,751,847"
,2014,"8,835,951"
,2015,"8,916,899"
,2016,"8,994,263"
,2017,"9,068,296"
,2018,"9,140,169"
,2019,"9,211,657"
,2020,"9,287,289"
,2021,"9,365,145"
,2022,"9,441,129"
Yemen,2000,"11,990,187"
,2001,"12,321,505"
,2002,"12,654,393"
,2003,"12,994,331"
,2004,"13,344,861"
,2005,"13,722,850"
,2006,"14,138,401"
,2007,"14,573,012"
,2008,"15,015,494"
,2009,"15,466,418"
,2010,"15,926,208"
,2011,"16,397,136"
,2012,"16,878,439"
,2013,"17,367,999"
,2014,"17,863,153"
,2015,"18,354,405"
,2016,"18,841,936"
,2017,"19,331,351"
,2018,"19,818,023"
,2019,"20,304,731"
,2020,"20,779,322"
,2021,"21,228,322"
,2022,"21,688,509"
European,,
"Armenia1,2,3",2000,"3,168,523"
,2001,"3,133,133"
,2002,"3,105,037"
,2003,"3,084,102"
,2004,"3,065,745"
,2005,"3,047,246"
,2006,"3,026,486"
,2007,"3,004,393"
,2008,"2,983,421"
,2009,"2,964,296"
,2010,"2,946,293"
,2011,"2,928,976"
,2012,"2,914,421"
,2013,"2,901,385"
,2014,"2,889,930"
,2015,"2,878,595"
,2016,"2,865,835"
,2017,"2,851,923"
,2018,"2,836,557"
,2019,"2,820,602"
,2020,"2,805,608"
,2021,"2,790,974"
,2022,"2,780,469"
"Azerbaijan1,2,3",2000,"188,377"
,2001,"190,486"
,2002,"192,558"
,2003,"194,633"
,2004,"196,791"
,2005,"199,093"
,2006,"201,557"
,2007,"204,203"
,2008,"206,993"
,2009,"209,751"
,2010,"212,455"
,2011,"215,257"
,2012,"218,168"
,2013,"221,132"
,2014,"224,063"
,2015,"226,860"
,2016,"229,453"
,2017,"231,646"
,2018,"233,508"
,2019,"235,353"
,2020,"236,553"
,2021,"237,198"
,2022,"238,235"
"Georgia1,2",2000,"42,651"
,2001,"41,444"
,2002,"40,611"
,2003,"40,178"
,2004,"39,888"
,2005,"39,611"
,2006,"39,338"
,2007,"39,064"
,2008,"38,796"
,2009,"38,552"
,2010,"38,368"
,2011,"38,216"
,2012,"38,043"
,2013,"37,860"
,2014,"37,742"
,2015,"37,711"
,2016,"37,711"
,2017,"37,719"
,2018,"37,723"
,2019,"37,708"
,2020,"37,659"
,2021,"37,579"
,2022,"37,443"
"Kazakhstan1,2",2000,"15,236,253"
,2001,"15,281,285"
,2002,"15,338,963"
,2003,"15,416,712"
,2004,"15,521,923"
,2005,"15,656,248"
,2006,"15,822,748"
,2007,"16,006,136"
,2008,"16,196,517"
,2009,"16,402,369"
,2010,"16,627,837"
,2011,"16,864,916"
,2012,"17,102,864"
,2013,"17,345,732"
,2014,"17,592,298"
,2015,"17,835,908"
,2016,"18,078,552"
,2017,"18,314,814"
,2018,"18,538,100"
,2019,"18,754,258"
,2020,"18,979,244"
,2021,"19,196,464"
,2022,"19,397,998"
"Kyrgyzstan1,2,3",2000,"3,849,441"
,2001,"3,885,526"
,2002,"3,920,779"
,2003,"3,961,055"
,2004,"4,006,891"
,2005,"4,050,628"
,2006,"4,092,492"
,2007,"4,129,917"
,2008,"4,169,423"
,2009,"4,222,986"
,2010,"4,277,343"
,2011,"4,330,822"
,2012,"4,392,921"
,2013,"4,461,256"
,2014,"4,535,245"
,2015,"4,613,684"
,2016,"4,694,273"
,2017,"4,774,583"
,2018,"4,854,325"
,2019,"4,932,441"
,2020,"5,011,401"
,2021,"5,091,639"
,2022,"5,171,885"
"Tajikistan1,2,3",2000,"2,095,181"
,2001,"2,140,542"
,2002,"2,184,946"
,2003,"2,228,612"
,2004,"2,271,602"
,2005,"2,314,334"
,2006,"2,357,177"
,2007,"2,400,922"
,2008,"2,446,425"
,2009,"2,494,511"
,2010,"2,545,674"
,2011,"2,600,129"
,2012,"2,657,431"
,2013,"2,717,627"
,2014,"2,781,000"
,2015,"2,847,037"
,2016,"2,914,256"
,2017,"2,981,125"
,2018,"3,048,796"
,2019,"3,118,559"
,2020,"3,187,431"
,2021,"3,256,521"
,2022,"3,324,230"
"Turkey1,2",2000,"4,167,380"
,2001,"4,229,681"
,2002,"4,289,263"
,2003,"4,346,376"
,2004,"4,406,029"
,2005,"4,465,806"
,2006,"4,524,086"
,2007,"4,580,476"
,2008,"4,635,847"
,2009,"4,694,666"
,2010,"4,757,697"
,2011,"4,821,300"
,2012,"4,893,033"
,2013,"4,977,447"
,2014,"5,077,284"
,2015,"5,177,001"
,2016,"5,266,260"
,2017,"5,335,838"
,2018,"5,382,604"
,2019,"5,426,309"
,2020,"5,468,802"
,2021,"5,510,401"
,2022,"5,547,180"
"Turkmenistan1,2,3",2000,"296,993"
,2001,"301,281"
,2002,"305,432"
,2003,"309,334"
,2004,"313,286"
,2005,"317,575"
,2006,"322,011"
,2007,"326,618"
,2008,"331,505"
,2009,"336,762"
,2010,"342,418"
,2011,"348,452"
,2012,"354,814"
,2013,"361,406"
,2014,"368,104"
,2015,"374,818"
,2016,"381,456"
,2017,"387,944"
,2018,"394,229"
,2019,"400,297"
,2020,"406,278"
,2021,"412,220"
,2022,"418,000"
"Uzbekistan1,2,3",2000,"24,925"
,2001,"25,248"
,2002,"25,579"
,2003,"25,905"
,2004,"26,234"
,2005,"26,573"
,2006,"26,926"
,2007,"27,309"
,2008,"27,726"
,2009,"28,167"
,2010,"28,614"
,2011,"29,057"
,2012,"29,503"
,2013,"29,963"
,2014,"30,446"
,2015,"30,949"
,2016,"31,453"
,2017,"31,945"
,2018,"32,449"
,2019,"32,976"
,2020,"33,526"
,2021,"34,081"
,2022,"34,627"
South-East Asia,,
Bangladesh,2000,"13,923,198"
,2001,"14,190,162"
,2002,"14,456,283"
,2003,"14,710,985"
,2004,"14,957,405"
,2005,"15,186,186"
,2006,"15,371,146"
,2007,"15,533,567"
,2008,"15,672,092"
,2009,"15,810,631"
,2010,"15,992,151"
,2011,"16,188,279"
,2012,"16,390,849"
,2013,"16,599,868"
,2014,"16,807,989"
,2015,"17,009,380"
,2016,"17,220,025"
,2017,"17,436,578"
,2018,"17,640,262"
,2019,"17,837,726"
,2020,"18,042,998"
,2021,"18,251,568"
,2022,"18,448,799"
"Bhutan1,2",2000,"434,533"
,2001,"446,393"
,2002,"458,095"
,2003,"469,623"
,2004,"480,993"
,2005,"490,859"
,2006,"498,212"
,2007,"504,394"
,2008,"510,405"
,2009,"516,281"
,2010,"522,081"
,2011,"527,864"
,2012,"533,647"
,2013,"539,377"
,2014,"544,904"
,2015,"550,022"
,2016,"554,823"
,2017,"559,529"
,2018,"563,951"
,2019,"567,919"
,2020,"571,654"
,2021,"575,339"
,2022,"579,016"
"Democratic People’s Republic of Korea1,2",2000,"9,134,970"
,2001,"9,191,836"
,2002,"9,241,051"
,2003,"9,297,070"
,2004,"9,362,443"
,2005,"9,421,885"
,2006,"9,474,574"
,2007,"9,521,778"
,2008,"9,565,774"
,2009,"9,609,739"
,2010,"9,650,759"
,2011,"9,688,817"
,2012,"9,729,467"
,2013,"9,774,053"
,2014,"9,822,650"
,2015,"9,874,208"
,2016,"9,925,654"
,2017,"9,975,188"
,2018,"10,022,815"
,2019,"10,068,668"
,2020,"10,112,464"
,2021,"10,153,293"
,2022,"10,191,412"
India,2000,"990,121,695"
,2001,"1,008,190,390"
,2002,"1,026,263,749"
,2003,"1,044,112,732"
,2004,"1,061,725,619"
,2005,"1,078,894,419"
,2006,"1,095,466,041"
,2007,"1,111,647,995"
,2008,"1,127,573,041"
,2009,"1,143,369,395"
,2010,"1,159,229,377"
,2011,"1,175,121,294"
,2012,"1,190,880,809"
,2013,"1,206,433,770"
,2014,"1,221,491,095"
,2015,"1,236,086,513"
,2016,"1,250,821,747"
,2017,"1,265,360,473"
,2018,"1,279,196,649"
,2019,"1,292,379,912"
,2020,"1,304,784,080"
,2021,"1,315,227,711"
,2022,"1,324,206,563"
Indonesia,2000,"214,072,416"
,2001,"217,112,432"
,2002,"220,115,088"
,2003,"223,080,128"
,2004,"225,938,592"
,2005,"228,805,152"
,2006,"231,797,424"
,2007,"234,858,288"
,2008,"237,936,544"
,2009,"240,981,296"
,2010,"244,016,176"
,2011,"247,099,696"
,2012,"250,222,688"
,2013,"253,275,920"
,2014,"256,229,760"
,2015,"259,091,968"
,2016,"261,850,176"
,2017,"264,498,848"
,2018,"267,066,848"
,2019,"269,582,880"
,2020,"271,857,984"
,2021,"273,753,184"
,2022,"275,501,344"
Myanmar,2000,"39,675,216"
,2001,"40,090,359"
,2002,"40,495,845"
,2003,"40,882,732"
,2004,"41,243,565"
,2005,"41,579,888"
,2006,"41,896,848"
,2007,"42,208,211"
,2008,"42,455,506"
,2009,"42,704,987"
,2010,"43,031,838"
,2011,"43,383,414"
,2012,"43,752,531"
,2013,"44,127,300"
,2014,"44,496,797"
,2015,"44,855,326"
,2016,"45,211,144"
,2017,"45,556,152"
,2018,"45,885,202"
,2019,"46,211,219"
,2020,"46,544,897"
,2021,"46,871,515"
,2022,"47,203,652"
"Nepal1,2",2000,"7,132,434"
,2001,"7,247,604"
,2002,"7,356,831"
,2003,"7,458,688"
,2004,"7,551,928"
,2005,"7,633,576"
,2006,"7,701,493"
,2007,"7,758,032"
,2008,"7,806,789"
,2009,"7,849,015"
,2010,"7,888,112"
,2011,"7,918,557"
,2012,"7,937,229"
,2013,"7,952,000"
,2014,"7,975,393"
,2015,"8,018,438"
,2016,"8,091,292"
,2017,"8,184,875"
,2018,"8,278,762"
,2019,"8,373,374"
,2020,"8,523,266"
,2021,"8,722,595"
,2022,"8,871,459"
"Sri Lanka1,2,3",2000,"4,318,565"
,2001,"4,351,663"
,2002,"4,395,462"
,2003,"4,439,731"
,2004,"4,482,799"
,2005,"4,524,989"
,2006,"4,570,262"
,2007,"4,618,090"
,2008,"4,665,698"
,2009,"4,710,969"
,2010,"4,753,767"
,2011,"4,797,741"
,2012,"4,833,944"
,2013,"4,860,303"
,2014,"4,885,074"
,2015,"4,907,440"
,2016,"4,927,863"
,2017,"4,946,566"
,2018,"4,963,563"
,2019,"4,979,422"
,2020,"4,994,468"
,2021,"5,007,891"
,2022,"5,021,393"
"Thailand1,2",2000,"11,967,518"
,2001,"12,078,203"
,2002,"12,186,876"
,2003,"12,292,075"
,2004,"12,393,447"
,2005,"12,490,261"
,2006,"12,584,792"
,2007,"12,681,044"
,2008,"12,776,206"
,2009,"12,868,319"
,2010,"12,955,007"
,2011,"13,038,950"
,2012,"13,123,236"
,2013,"13,203,235"
,2014,"13,275,788"
,2015,"13,339,065"
,2016,"13,398,391"
,2017,"13,453,642"
,2018,"13,497,211"
,2019,"13,531,360"
,2020,"13,563,222"
,2021,"13,587,025"
,2022,"13,605,228"
Timor-Leste1,2000,"826,105"
,2001,"839,875"
,2002,"855,524"
,2003,"871,589"
,2004,"889,711"
,2005,"911,648"
,2006,"935,396"
,2007,"958,719"
,2008,"981,022"
,2009,"1,002,150"
,2010,"1,023,731"
,2011,"1,046,764"
,2012,"1,069,995"
,2013,"1,092,453"
,2014,"1,114,343"
,2015,"1,134,078"
,2016,"1,151,712"
,2017,"1,169,274"
,2018,"1,186,777"
,2019,"1,204,264"
,2020,"1,222,657"
,2021,"1,242,358"
,2022,"1,261,501"
Western Pacific,,
Cambodia,2000,"8,621,167"
,2001,"8,777,210"
,2002,"8,936,267"
,2003,"9,096,991"
,2004,"9,259,657"
,2005,"9,423,427"
,2006,"9,587,896"
,2007,"9,756,503"
,2008,"9,919,479"
,2009,"10,070,188"
,2010,"10,218,008"
,2011,"10,367,650"
,2012,"10,519,001"
,2013,"10,670,556"
,2014,"10,820,754"
,2015,"10,967,802"
,2016,"11,115,102"
,2017,"11,261,722"
,2018,"11,400,121"
,2019,"11,529,955"
,2020,"11,664,488"
,2021,"11,801,190"
,2022,"11,928,399"
"China1,2,3",2000,"528,671,513"
,2001,"532,285,148"
,2002,"535,708,905"
,2003,"539,032,609"
,2004,"542,354,708"
,2005,"545,730,071"
,2006,"549,159,074"
,2007,"552,683,257"
,2008,"556,302,513"
,2009,"560,049,121"
,2010,"563,840,590"
,2011,"567,564,448"
,2012,"571,523,044"
,2013,"575,512,689"
,2014,"579,314,007"
,2015,"582,879,678"
,2016,"586,298,295"
,2017,"589,805,615"
,2018,"592,646,781"
,2019,"594,651,988"
,2020,"595,934,137"
,2021,"596,337,181"
,2022,"596,334,611"
Lao People’s Democratic Republic,2000,"2,825,868"
,2001,"2,872,102"
,2002,"2,917,056"
,2003,"2,960,225"
,2004,"3,001,384"
,2005,"3,045,510"
,2006,"3,094,226"
,2007,"3,143,530"
,2008,"3,192,709"
,2009,"3,241,656"
,2010,"3,290,302"
,2011,"3,338,645"
,2012,"3,386,764"
,2013,"3,434,603"
,2014,"3,481,804"
,2015,"3,531,738"
,2016,"3,585,824"
,2017,"3,641,268"
,2018,"3,696,990"
,2019,"3,752,690"
,2020,"3,808,546"
,2021,"3,863,524"
,2022,"3,917,856"
"Malaysia1,2",2000,"917,806"
,2001,"941,700"
,2002,"965,697"
,2003,"989,576"
,2004,"1,013,329"
,2005,"1,036,941"
,2006,"1,060,376"
,2007,"1,083,704"
,2008,"1,106,571"
,2009,"1,128,688"
,2010,"1,148,709"
,2011,"1,167,365"
,2012,"1,186,408"
,2013,"1,205,392"
,2014,"1,224,258"
,2015,"1,242,753"
,2016,"1,261,056"
,2017,"1,279,032"
,2018,"1,295,970"
,2019,"1,312,160"
,2020,"1,327,999"
,2021,"1,342,954"
,2022,"1,357,528"
Papua New Guinea,2000,"5,508,297"
,2001,"5,698,489"
,2002,"5,892,596"
,2003,"6,090,980"
,2004,"6,293,166"
,2005,"6,498,818"
,2006,"6,708,217"
,2007,"6,921,066"
,2008,"7,137,988"
,2009,"7,358,890"
,2010,"7,583,269"
,2011,"7,806,637"
,2012,"8,026,545"
,2013,"8,245,627"
,2014,"8,464,153"
,2015,"8,682,174"
,2016,"8,899,169"
,2017,"9,114,796"
,2018,"9,329,227"
,2019,"9,542,486"
,2020,"9,749,640"
,2021,"9,949,437"
,2022,"10,142,619"
Philippines,2000,"45,245,888"
,2001,"46,213,893"
,2002,"47,177,033"
,2003,"48,138,891"
,2004,"49,105,039"
,2005,"50,064,849"
,2006,"51,017,022"
,2007,"51,980,198"
,2008,"52,961,604"
,2009,"53,945,141"
,2010,"54,925,850"
,2011,"55,913,207"
,2012,"56,896,619"
,2013,"57,864,578"
,2014,"58,807,761"
,2015,"59,797,998"
,2016,"60,868,170"
,2017,"61,949,569"
,2018,"63,011,866"
,2019,"64,063,508"
,2020,"65,114,109"
,2021,"66,094,586"
,2022,"67,068,869"
"Republic of Korea1,2",2000,"3,275,201"
,2001,"3,294,535"
,2002,"3,312,446"
,2003,"3,327,781"
,2004,"3,340,909"
,2005,"3,352,270"
,2006,"3,363,454"
,2007,"3,375,442"
,2008,"3,387,903"
,2009,"3,401,161"
,2010,"3,416,912"
,2011,"3,441,891"
,2012,"3,474,392"
,2013,"3,506,875"
,2014,"3,539,063"
,2015,"3,569,608"
,2016,"3,591,698"
,2017,"3,605,814"
,2018,"3,617,383"
,2019,"3,626,267"
,2020,"3,629,128"
,2021,"3,628,109"
,2022,"3,627,106"
Solomon Islands,2000,"425,678"
,2001,"435,991"
,2002,"446,252"
,2003,"456,603"
,2004,"467,067"
,2005,"477,661"
,2006,"488,495"
,2007,"499,572"
,2008,"510,840"
,2009,"522,554"
,2010,"534,990"
,2011,"548,183"
,2012,"562,085"
,2013,"576,541"
,2014,"591,401"
,2015,"606,533"
,2016,"621,820"
,2017,"637,197"
,2018,"652,656"
,2019,"668,243"
,2020,"684,279"
,2021,"700,772"
,2022,"717,030"
Vanuatu2,2000,"192,074"
,2001,"197,034"
,2002,"202,125"
,2003,"207,258"
,2004,"212,422"
,2005,"217,632"
,2006,"222,923"
,2007,"228,345"
,2008,"233,952"
,2009,"239,689"
,2010,"245,453"
,2011,"251,294"
,2012,"257,313"
,2013,"263,534"
,2014,"269,927"
,2015,"276,438"
,2016,"283,218"
,2017,"290,239"
,2018,"297,298"
,2019,"304,404"
,2020,"311,685"
,2021,"319,137"
,2022,"326,740"
"Viet Nam1,2",2000,"58,222,974"
,2001,"58,824,822"
,2002,"59,432,490"
,2003,"60,046,786"
,2004,"60,662,466"
,2005,"61,274,810"
,2006,"61,871,553"
,2007,"62,468,862"
,2008,"63,084,224"
,2009,"63,736,960"
,2010,"64,420,951"
,2011,"65,112,329"
,2012,"65,814,096"
,2013,"66,526,328"
,2014,"67,239,562"
,2015,"67,944,047"
,2016,"68,633,226"
,2017,"69,301,322"
,2018,"69,950,815"
,2019,"70,586,389"
,2020,"71,229,019"
,2021,"71,832,867"
,2022,"72,362,632"
REGIONAL SUMMARY,,
African,2000,"566,541,740"
,2001,"582,446,660"
,2002,"598,937,190"
,2003,"615,967,580"
,2004,"633,618,001"
,2005,"651,866,078"
,2006,"670,719,418"
,2007,"690,210,022"
,2008,"710,329,157"
,2009,"731,052,709"
,2010,"752,483,002"
,2011,"774,632,776"
,2012,"797,177,551"
,2013,"820,127,488"
,2014,"843,365,783"
,2015,"866,950,179"
,2016,"891,196,712"
,2017,"915,840,445"
,2018,"940,840,305"
,2019,"966,465,940"
,2020,"992,736,767"
,2021,"1,019,238,524"
,2022,"1,045,969,921"
Americas,2000,"117,836,707"
,2001,"119,768,650"
,2002,"121,669,122"
,2003,"123,531,350"
,2004,"125,366,683"
,2005,"127,189,449"
,2006,"128,992,583"
,2007,"130,776,090"
,2008,"132,532,821"
,2009,"134,271,205"
,2010,"135,980,052"
,2011,"137,701,987"
,2012,"139,461,541"
,2013,"141,206,274"
,2014,"142,941,664"
,2015,"144,678,549"
,2016,"146,383,431"
,2017,"147,960,368"
,2018,"149,388,109"
,2019,"150,730,495"
,2020,"152,047,141"
,2021,"153,295,165"
,2022,"154,611,011"
Eastern Mediterranean,2000,"342,452,764"
,2001,"351,338,825"
,2002,"360,370,195"
,2003,"369,264,532"
,2004,"377,824,866"
,2005,"386,578,651"
,2006,"396,159,423"
,2007,"406,310,231"
,2008,"416,465,804"
,2009,"426,688,123"
,2010,"436,723,333"
,2011,"446,405,417"
,2012,"455,402,892"
,2013,"463,197,013"
,2014,"470,707,815"
,2015,"478,484,006"
,2016,"486,652,036"
,2017,"495,491,156"
,2018,"505,015,344"
,2019,"514,971,070"
,2020,"525,064,224"
,2021,"535,194,675"
,2022,"545,780,721"
European,2000,"29,069,724"
,2001,"29,228,626"
,2002,"29,403,168"
,2003,"29,606,907"
,2004,"29,848,389"
,2005,"30,117,114"
,2006,"30,412,821"
,2007,"30,719,038"
,2008,"31,036,653"
,2009,"31,392,060"
,2010,"31,776,699"
,2011,"32,177,125"
,2012,"32,601,198"
,2013,"33,053,808"
,2014,"33,536,112"
,2015,"34,022,563"
,2016,"34,499,249"
,2017,"34,947,537"
,2018,"35,358,291"
,2019,"35,758,503"
,2020,"36,166,502"
,2021,"36,567,077"
,2022,"36,950,067"
South-East Asia,2000,"1,291,606,650"
,2001,"1,313,738,917"
,2002,"1,335,824,804"
,2003,"1,357,615,353"
,2004,"1,379,026,502"
,2005,"1,399,938,863"
,2006,"1,420,296,188"
,2007,"1,440,290,118"
,2008,"1,459,943,077"
,2009,"1,479,422,782"
,2010,"1,499,062,999"
,2011,"1,518,811,376"
,2012,"1,538,474,395"
,2013,"1,557,858,279"
,2014,"1,576,643,793"
,2015,"1,594,866,438"
,2016,"1,613,152,827"
,2017,"1,631,141,125"
,2018,"1,648,302,040"
,2019,"1,664,736,744"
,2020,"1,680,217,690"
,2021,"1,693,392,479"
,2022,"1,704,890,367"
Western Pacific,2000,"653,906,466"
,2001,"659,540,924"
,2002,"664,990,867"
,2003,"670,347,700"
,2004,"675,710,147"
,2005,"681,121,989"
,2006,"686,573,236"
,2007,"692,140,479"
,2008,"697,837,783"
,2009,"703,694,048"
,2010,"709,625,034"
,2011,"715,511,649"
,2012,"721,646,267"
,2013,"727,806,723"
,2014,"733,752,690"
,2015,"739,498,769"
,2016,"745,157,578"
,2017,"750,886,574"
,2018,"755,899,107"
,2019,"760,038,090"
,2020,"763,453,030"
,2021,"765,869,757"
,2022,"767,783,390"
Total,2000,"3,001,414,051"
,2001,"3,056,062,602"
,2002,"3,111,195,346"
,2003,"3,166,333,422"
,2004,"3,221,394,588"
,2005,"3,276,812,144"
,2006,"3,333,153,669"
,2007,"3,390,445,978"
,2008,"3,448,145,295"
,2009,"3,506,520,927"
,2010,"3,565,651,119"
,2011,"3,625,240,330"
,2012,"3,684,763,844"
,2013,"3,743,249,585"
,2014,"3,800,947,857"
,2015,"3,858,500,504"
,2016,"3,917,041,833"
,2017,"3,976,267,205"
,2018,"4,034,803,196"
,2019,"4,092,700,842"
,2020,"4,149,685,354"
,2021,"4,203,557,677"
,2022,"4,255,985,477"